task_size_MB,cpu_cycles,deadline_s,channel_gain,iot_battery,label
219.99082024751084,511043404.6265083,0.6934621887510692,0.7318806852736257,0.7936157650384346,0
292.4808429312027,537289237.0793844,0.5775990211634123,0.7071800893448681,0.3741281826255273,0
283.34585537885596,577942799.6976564,0.762420934509031,0.2792905132639004,0.8905024661184269,0
261.43797405419195,642643622.3449019,0.6628578141357134,0.26759457505881623,0.9551578758904382,0
257.2413149958637,717695381.9975746,0.7730122267790476,0.4410741060117744,0.7046120510652795,0
285.8125304624823,506750187.4094887,0.5573146710581749,0.7418299194915179,0.3207251023900292,0
200.16607076748005,668105556.4980463,0.731382281870439,0.20098645000952653,0.6557171490690126,0
200.40076047333395,524869702.8463354,0.7965422909652533,0.6677110673073324,0.3888369828629592,0
274.3600365107652,534710141.8729197,0.7896123168536398,0.5017157442845446,0.8035187735835765,0
266.3453257229087,667767203.5710158,0.7162646424620036,0.3410851040064607,0.5964467762757577,0
280.61909654447254,755511790.4877783,0.7893170719502194,0.5989116375010521,0.645570453389452,0
243.10763576379384,553848329.0110383,0.5673003756446376,0.994834397429478,0.9710952681803537,0
244.5016054853992,594675756.0558065,0.7843761606807994,0.44852334806486627,0.43255444417099764,0
227.25864974158918,666086387.9008315,0.7780233297613146,0.323538470417714,0.43836688757824765,0
219.51855298186558,586918016.807195,0.7746467615046286,0.5223036868061037,0.8838846244014757,0
221.30749343990024,506458663.50151795,0.5855836810278705,0.9952622179619028,0.3270510168788192,0
294.51482876707723,576321101.8175219,0.6748528755223184,0.4060900929456292,0.9066261825075708,0
257.86092968125246,711540949.9250219,0.7861731239667991,0.9223141501042269,0.9453282545494404,0
209.51875383369742,500852193.88841665,0.5159728305002409,0.8153940650385771,0.813426509959885,0
258.1727297958715,532585183.55613446,0.7243960565680443,0.3243176954058205,0.7245964346368008,0
295.1928790080908,518077794.5238878,0.681509648388374,0.9761612580558747,0.9341315531724448,0
298.7647447756462,524345684.51370716,0.5262539657621921,0.874123697374557,0.5267308839035019,0
274.7110872687411,696127720.0644779,0.7034721121770178,0.9495258305047629,0.7245724702855613,0
292.924224400615,641512253.9594831,0.7971345895816414,0.8160725745270956,0.36528963372702905,0
265.6229648105001,551269116.3923903,0.6850934747220914,0.8393783373272443,0.7216871771640134,0
208.77593827715506,671028787.0018264,0.7648160938621121,0.9579944360358279,0.5203022132257543,0
217.0319088111829,603707243.6991718,0.6639404459992609,0.4304479749777126,0.8066217031342864,0
272.5700970722536,602931285.6632884,0.6459235306428264,0.7053028337370544,0.8301446029179429,0
283.5862971269293,612709111.8982944,0.6699155470192522,0.9907579310655441,0.8926187514014718,0
222.18233021746778,536344031.1313773,0.7706834506351234,0.28664649695119526,0.38880112357320173,0
230.33376326821985,759535882.0149454,0.7980078775512636,0.2509308714550909,0.8789056102255997,0
219.50294676448274,540283665.3896419,0.5767156849434918,0.7599377361101181,0.7535142366195493,0
289.27060787105904,554458514.1567128,0.7275819732421068,0.3305425256513149,0.6550740427232011,0
242.43364289230115,515194006.01218826,0.757698468544816,0.5639401818674445,0.9679877937324304,0
252.86624185631104,629539511.7523949,0.7392360776979939,0.9394318075276868,0.8751291959079825,0
258.82685546050874,503716896.2855346,0.7279812544068409,0.6880196067559297,0.3903954321887423,0
204.87224267527276,524736888.4664749,0.5367377009971632,0.331502980739555,0.7935881621994553,0
227.65720136569027,545314922.3631057,0.7079166776633028,0.3411681131754454,0.3362635809479114,0
246.99653941243668,542329298.2659924,0.6379549959077824,0.4749680615976557,0.96447696987408,0
241.23107268572346,502894561.8100092,0.7764643953130071,0.21598393938385013,0.5930102878881736,0
226.37860421757668,758550839.8463709,0.7648841250675366,0.23440260059204088,0.6956036788871209,0
225.52088995990817,546861468.4859747,0.645204054389476,0.5480702006790745,0.5909747351785639,0
251.91407841611408,676219528.8658166,0.7423050013251402,0.34000396983187064,0.3716535759452835,0
297.6200864358089,549135845.3955429,0.6661592110839075,0.8183976209531418,0.34701393477039016,0
255.09644155135527,588201586.7352464,0.6707234032938566,0.8720456068175213,0.9442536529063634,0
218.29031839866823,602521835.5934411,0.627976555062343,0.24156200300644476,0.9247369933977763,0
237.1280487508627,578423016.2319845,0.6712446455278112,0.3205222059463304,0.4799140109539204,0
204.8667454840835,544447828.9645866,0.7948292483358719,0.5947772066451078,0.5488633130446724,0
220.06666254129175,501389160.09710735,0.5368838759157863,0.23116703153289855,0.49105786824243003,0
294.4115115496528,569841727.5931795,0.6800358907717701,0.7897213973737582,0.9978365972270282,0
285.8342672092529,580026473.5177728,0.5976078442583248,0.9870564001852851,0.6720533122899239,0
286.6170430817744,533980981.56190604,0.5652375616283163,0.9159343059084166,0.700742703052146,0
201.97189440114857,578133162.454535,0.7649422719764829,0.2583690729281086,0.3512264834066717,0
239.60589447836546,560046894.1988959,0.7589712508114348,0.525508767931883,0.529700461224356,0
233.968372546951,563509175.913764,0.7343728879017667,0.6659437879377426,0.5086856043185853,0
246.85450294752067,546915876.9122096,0.7799712096721994,0.31820275605768594,0.547384883517164,0
263.2571219785987,594395019.4558198,0.7722404281613736,0.36618458829566536,0.7780262591640514,0
214.80332201025618,528125880.10441875,0.5506165947631381,0.8901814506103478,0.5281937317909373,0
253.16564284688855,600956106.0034947,0.7486418337665508,0.9283298718653006,0.6836417268898429,0
255.65555157209457,586334053.9159318,0.5989752565598784,0.5433214319033299,0.7963305411641061,0
241.85307770366532,523094982.4408548,0.564183660188111,0.3040371520678929,0.44695401916551625,0
229.1098163697375,685835913.9325367,0.7503408498811215,0.8832709973057689,0.33760075560165803,0
206.76395545030644,774710518.7746704,0.776989091133542,0.974920378701781,0.9771893195888537,0
251.376045095169,612039680.0497278,0.6395050140847598,0.7732321552015542,0.6665390186812791,0
260.16383691388626,546000467.696045,0.6230058619854197,0.7875470641430646,0.771118384598279,0
277.71527494070097,674906068.3527749,0.7203890494702161,0.6233409753902894,0.3427905816520642,0
246.57513817150738,514001859.8300374,0.6734288115681828,0.4418744897138265,0.6930454732891305,0
226.4191663235302,585588375.3979418,0.6337144877922313,0.4946968660748116,0.7564339382434067,0
245.3319368978007,508399158.29636097,0.6896265562799164,0.9973336305136138,0.6700836090714626,0
219.18942721254075,549588800.817672,0.5863520679665968,0.26663137630768086,0.3670332963018839,0
283.83648876030844,611944446.7539676,0.7005380663039212,0.22986780227532666,0.3196490083397699,0
288.11653206259393,577411497.458394,0.7866659548496892,0.7630541936162853,0.49900907908806214,0
284.57858381026097,553294877.0435338,0.5797546887364803,0.7772972280239734,0.49598438100930026,0
225.73047649913644,505242471.66402066,0.783368787336038,0.8910788494814732,0.6595890329289487,0
267.72546436783455,590695360.8880475,0.7404232654052862,0.6635306903438445,0.854726816727027,0
245.10673914544586,588184492.3505241,0.7461885519782834,0.8545196067322685,0.619375801309507,0
297.7006368015992,522121170.3519932,0.5984190189648093,0.8340092074534098,0.5323258978956323,0
255.83288868357084,522463408.90489095,0.7306210222009157,0.6959765444931398,0.8212838185633022,0
216.23266213376291,583873127.561941,0.6180859665426855,0.9867038809411646,0.9270561477923971,0
262.59125453653877,654041585.225964,0.6692658045103608,0.9096180724467067,0.9486114069248583,0
239.91556299765526,510172399.10195744,0.7777639342113103,0.8947532364309752,0.5035855852422199,0
200.57309007131212,673228810.4344234,0.7865303267587261,0.9378665266522448,0.5275652141568017,0
295.59842693402015,696005763.467984,0.7419567394539914,0.7638375506279218,0.7847874817085333,0
245.24473992179534,608887139.4854978,0.6935350634636792,0.3011293949134712,0.5761990072018172,0
203.68541386168516,736469847.3682128,0.7764732570124059,0.6603225066693907,0.642272087694566,0
214.58932197791182,618829326.6096461,0.7786095746046697,0.5406420451452632,0.5453644514281224,0
288.38666668118356,554952412.7053173,0.6169402348181361,0.9249450925984912,0.9836692567642462,0
237.73917714049878,718579642.6000681,0.7988456529798356,0.6943888967372294,0.6075675627975959,0
299.1929409217992,760808810.0982372,0.7676743476650638,0.5212567630426375,0.6275950764641061,0
236.67125162912097,625238567.0240865,0.7137547549035128,0.9517223366385803,0.7661424460004462,0
248.7517360565626,735448146.7232686,0.7873897140288262,0.7809099064611269,0.48683581674167764,0
200.78975633196532,537729913.4420186,0.7411080082007976,0.7162252222088621,0.8341507633447034,0
252.67479465409565,739285900.8439691,0.7571638121436564,0.645329525889797,0.3042646838477722,0
223.0672540989258,667074634.2789321,0.7744597224342508,0.28975013284810625,0.47994903363307373,0
252.45624403522797,565285373.1005939,0.7357561610388823,0.5652071454295691,0.35389144077310625,0
259.5961790833821,735652854.1076801,0.7791384365608758,0.4017634311939901,0.8086445900227277,0
254.98364621776702,535464677.7683525,0.6942622419010578,0.9275747167435926,0.9163004930478462,0
215.29616391708277,571669325.712382,0.5992553173407922,0.8215375220083396,0.325242388847483,0
269.53760556634643,579937767.6835041,0.6616441679076019,0.5589030467693498,0.41052609535562345,0
207.81759330446994,547475271.0723109,0.7594311226615594,0.7734949955197439,0.7375770451279293,0
239.23084907075045,652062624.028878,0.7670205959966354,0.7218336357047008,0.3663761009127615,0
205.38254024416116,506338889.30765694,0.7180627080592624,0.36018545801790913,0.7411782649113948,0
288.8507057262166,626267813.7207342,0.6485957856870515,0.9749425608931688,0.7015554549121767,0
205.51226139221546,551428601.0802127,0.5843055089866867,0.36262337815112544,0.7230129144851347,0
272.43908792157185,646229524.0919819,0.7566253043134339,0.7098481460093007,0.6453137188828291,0
272.41040833360614,719047437.0199183,0.7473867346392584,0.28073202483236437,0.9044437936337044,0
257.33113907143036,541676143.8607427,0.7789329481933744,0.43192456567736753,0.39862360323821605,0
206.48076989104266,672928362.9486068,0.7889474112094574,0.42382944934180156,0.5149178775376949,0
288.25237561265294,556534543.5725751,0.6683348346991436,0.43355480636114585,0.616847862129748,0
242.35301948939184,500856584.6047583,0.6930752193916223,0.33293615082850403,0.9474412124751745,0
272.2771967963479,641090913.5602267,0.7922112040079667,0.4693605181914355,0.7496907896510743,0
228.10474143872278,517903723.06299394,0.7930256471686149,0.6787072599621198,0.7253126149744817,0
200.12737462508906,534919222.2233795,0.6451501017341872,0.5301160780364023,0.8876296644485864,0
266.0416178941598,554307220.1841134,0.7852164585451615,0.3116055207249961,0.4627935634867428,0
230.20294320842785,516525019.9933032,0.7750719427966238,0.2990552741415797,0.5682042106517109,0
268.6714456355011,633349488.6315023,0.6661835884583198,0.4145018306512979,0.7626547556870031,0
248.56925072237638,667175902.2158451,0.6923704239547241,0.5406870835313985,0.7275840237125104,0
297.4148253020689,577620782.0496222,0.6978731899287163,0.716573246353231,0.4830053807161356,0
217.15979912471656,592290355.7188165,0.6267336918908741,0.675629072497405,0.9664213541004132,0
251.93050595654083,552925999.1265519,0.6546979102900263,0.987682001657938,0.4806370691803729,0
221.81792045803067,781295392.527144,0.7815911488729175,0.7513558574593358,0.6754128068587104,0
222.16380035727033,676965531.6598407,0.7994358448821444,0.4079332015112456,0.9272338207996924,0
280.2824371303968,561493654.7030462,0.7396379860956291,0.974853134382792,0.8195093418375725,0
271.59796808039664,530632626.44758326,0.7132002514041964,0.5948948536724232,0.9557177549196305,0
296.4115726937574,675949154.3297235,0.7359377104696831,0.4617288541823804,0.9695581141937473,0
281.60617963699576,577809749.9731128,0.6361500614202629,0.32537671318793215,0.6027986615996046,0
258.8401127569673,513407337.0705698,0.7418347032083333,0.7822093172260434,0.8515351775787043,0
222.72836415083398,526360925.46376514,0.6095565591337637,0.8916783104152421,0.34618269430138654,0
215.52011442938266,613467145.5477359,0.7098196524492761,0.644309001263729,0.9629987279346637,0
213.22093369908688,552629140.6156057,0.6605271843832445,0.8781724432762743,0.6601313390249584,0
236.33058934580185,523913658.45003766,0.794011315688421,0.6267027225855946,0.5757161505779222,0
240.47596580570104,582440582.2128056,0.7304598062271628,0.21255002182664315,0.9289385450218335,0
279.1858703601802,613734815.2136166,0.6618055389065269,0.8167533457114551,0.7216149514000791,0
295.5423033951859,579175071.1796626,0.746835190610826,0.24834186855052734,0.5737914871541946,0
243.6053219066192,752512567.2907975,0.7822524380482496,0.2688618779263061,0.754309312572365,0
279.65976506738514,583052126.5003157,0.63734262188226,0.8915681542696288,0.6481998428897571,0
222.26065244772704,519451333.1433291,0.5549037029642859,0.9006398838688212,0.7266881742867298,0
218.9762846854533,616235281.2884175,0.7338705517065794,0.8239982469568992,0.4781370481430797,0
266.65464813294363,514284547.54322845,0.6935017606361484,0.6205224936309748,0.6428125428060585,0
244.47639374326278,601741220.9960752,0.64852688801401,0.5332928957795828,0.9241511728477136,0
221.64961627064218,617223882.0435661,0.6747535690500043,0.6865007797055713,0.5761099171119265,0
224.34447164403932,538582926.66264,0.5831256317674056,0.5209916166667687,0.6861131488459078,0
282.7936731040582,500296711.7400653,0.566819786109122,0.4075804970665615,0.5889379844694704,0
231.1035751200953,505579137.601101,0.7986540502228292,0.39204805442982127,0.9811713896657122,0
219.65178183923194,533478846.72867227,0.6891497283558832,0.9869778706920989,0.7616830114865949,0
238.01518805499018,669589005.1728151,0.73336285370289,0.7610189715441809,0.32891620549988837,0
202.2460945440902,602566168.0523621,0.6970085492213463,0.501155883352775,0.7679023142213333,0
233.10857790319787,593974163.8918595,0.7795657085923908,0.7445415271790947,0.6785997263562961,0
265.496188862721,517114992.92863053,0.7845394891072481,0.516312804803857,0.5091624699114335,0
212.9741989817056,622479768.6380354,0.7968553921673696,0.20710704130085641,0.795736327530518,0
267.458791061801,520876543.7357739,0.7367541646553394,0.2819512202156482,0.9997995725733722,0
237.72520073162383,588151998.7515802,0.7991931644194732,0.8706109115511005,0.45504278180898433,0
272.5627865899654,501035262.5971673,0.5789045289417902,0.49027059280130275,0.5669331288663388,0
205.66152046317652,600401038.4915352,0.7098210873306161,0.3894816974066685,0.5301867292471195,0
295.0039207655791,503692225.136839,0.5289092069032562,0.5310575521909353,0.8893183491436545,0
238.83931694820376,516676565.618095,0.7431303340607923,0.9818774379589528,0.9037473339912967,0
277.62171292226367,717944429.6721405,0.782020714846748,0.3009590022485121,0.6182759149564985,0
215.8975732659173,725286192.5868566,0.7839028691873051,0.6576982251138721,0.48142244238510173,0
267.3789912296635,547260030.6644539,0.7197631801279336,0.3169523035063926,0.5118556132227409,0
221.23908197129168,568604995.1976868,0.7191441286633475,0.8518466788693275,0.4137778136504354,0
248.26873903267955,582780935.8921618,0.7133931902407136,0.29092646798776056,0.45186781047607105,0
291.654213109391,627463474.2235447,0.6630295847270975,0.3632834347528124,0.8453836090407951,0
244.14796068083493,519765107.514135,0.5433824850539175,0.8499877418106723,0.600970341583529,0
253.03319676020143,598119540.2718253,0.7619524618288553,0.5532359301480247,0.5929059027496011,0
278.6128241194601,587818330.2802192,0.6975851019493728,0.6006052748734478,0.6932344149637572,0
246.37510952459968,559082585.53222,0.7097125749052369,0.3770350960454886,0.42336716629791715,0
275.4166731666056,730459498.9892206,0.733411967462116,0.39244556201024905,0.41228833509804924,0
280.8549358019158,685652301.2287754,0.7735645050817154,0.8519936422430272,0.44862762911827386,0
272.3805265492759,637777070.249973,0.6625291438692347,0.6095291018552644,0.9302648697371934,0
287.5331089858356,580826344.6077527,0.770718424048412,0.4616478401537421,0.8172097418693838,0
270.75500368082186,589145347.2695906,0.7477340552546572,0.5311191156288286,0.5087592142888688,0
253.2959625125667,504244905.0748797,0.5714518236140762,0.5862429474119608,0.7501534820947535,0
282.1491026602372,594334397.0503706,0.6165998823074703,0.6283808421863002,0.4181753105872898,0
230.1986612311989,649966817.983951,0.7136812599735979,0.586701741077122,0.7707320055527047,0
286.0504700119145,526583568.92783356,0.7296926384713457,0.8014362078054145,0.9627752249905246,0
229.01911132443755,508776107.3701481,0.7274431738876275,0.5785229403520493,0.8039232125965918,0
295.86566916295703,504247009.93060595,0.6375198034221286,0.294912563227151,0.6205755403777651,0
284.6782080891449,607243773.4767025,0.7948067424393171,0.6646686624946905,0.5764954212420086,0
268.68169919623915,567536413.145622,0.6584724530896489,0.2039067520009982,0.9398619333872735,0
273.43627051010594,696101553.4565697,0.7386337414786392,0.9586642460459218,0.7866790971205393,0
221.00881716862324,504616401.523289,0.645131867782502,0.7658118876969939,0.9970058890178441,0
227.55278807961582,581150430.5816226,0.7945235834404397,0.8247320633688584,0.6364998904330192,0
212.5577785631145,723193128.0726471,0.7682186194642027,0.7469193906762761,0.3353226656783288,0
242.58024084279245,738780487.0272181,0.7809317841218084,0.3791409619604411,0.5842764446205493,0
233.0232344557716,667561069.6627378,0.745969703060126,0.600682804013303,0.3703575923429764,0
246.05030157696626,568860527.278265,0.5745609240956809,0.732985952450558,0.3766639816114543,0
258.2563518993301,654252727.380162,0.7746505350612133,0.7173351808810291,0.6889523983893497,0
221.56160161868635,557283776.8914486,0.6089768443899435,0.42868582630640883,0.6730749570374387,0
213.33880145417731,516050012.0292878,0.565758769248575,0.8884531286662785,0.48753261770636425,0
214.94806890008505,561671447.5881245,0.6744649177341127,0.9247091602633211,0.9648480342176327,0
205.79040982562805,747416335.3460664,0.7865184515729925,0.6988707486625724,0.8817596390020839,0
274.59070794254285,569941731.2163999,0.5804743504294216,0.6334382936763517,0.5450561247473235,0
299.471105295411,642197315.4435508,0.7321689447252349,0.5082317926187319,0.311752681705175,0
254.77872792823837,602849029.7981397,0.6952144598523831,0.8604010145576462,0.4492124052101909,0
293.6189365613289,745891992.0748938,0.7723457339987994,0.282645460743084,0.48686321146954914,0
288.6841161653063,603660036.6698117,0.6270500691398515,0.32237693677577905,0.44761835588377996,0
262.7542188155305,790889449.0771906,0.7971283107928411,0.3631054684683888,0.30723692528063307,0
290.24302050410233,506495102.7772105,0.7226519060890583,0.8415431152792905,0.37427219085725966,0
243.82715339371413,669207422.1985562,0.6906168430358306,0.2376580272639414,0.6806957785326416,0
232.8094240675933,525336280.1530948,0.7741579937708039,0.24847539545643205,0.4896100628176576,0
234.11946823331525,576208422.1429684,0.7726035556323221,0.3134393504075605,0.6325364006168636,0
200.57376903033656,529190958.94748545,0.7892013057982823,0.6478703492983555,0.6423172423015767,0
270.1993245092248,558483440.0269015,0.6502065599836375,0.44302051563399075,0.4902850854619555,0
240.1418335842293,618556184.5980992,0.6891093418970905,0.3301791972369904,0.9531335023332566,0
209.44625501637975,607202850.2008198,0.763572123043956,0.32194594098199486,0.63762833894204,0
274.4756856047617,511114102.90318656,0.732853013378114,0.517199273564172,0.8121464281667152,0
269.24546517991627,532709600.90873045,0.7853924089295342,0.48022840819733653,0.30460696062342785,0
291.73382027462355,544884406.7091516,0.6442019638972484,0.5076006130058313,0.7672074489669176,0
239.76519670546747,634569386.0251849,0.7618601291610398,0.30293441819695394,0.6819926068535134,0
264.1362217956913,688098814.6165887,0.7051279938776676,0.4590144840355732,0.7935243027381055,0
232.55513263350454,514237237.8643738,0.5932248824884998,0.6203471124119156,0.8683140245041723,0
217.9152140477455,608503896.4125122,0.6520837361897109,0.435149789916549,0.7257632567510368,0
223.23030041713292,624344606.2698272,0.6599439346109208,0.6020068535512959,0.33331668297629113,0
289.73364369126307,665638266.3949753,0.7460965770033174,0.9379319732750715,0.9465268843768331,0
252.5450869258137,526219904.7307401,0.669442188234479,0.4403104063125849,0.5987820158648993,0
271.18180343574545,710134755.0921593,0.7632458463590522,0.8842849249011588,0.8456532570277082,0
240.02794669541092,508066833.1634328,0.6607417014079974,0.6321655945398612,0.35472190445025553,0
292.8589789222774,623509710.3494117,0.7531296693530002,0.35561729961682886,0.4323750563408918,0
268.186357158629,678364900.393813,0.7333632963666123,0.408719292868211,0.9973359108400437,0
219.35529827618564,724018272.4866258,0.7335654810484936,0.29761037058756235,0.7939445797361593,0
278.6825503955251,504620041.8752879,0.7090890579766558,0.4452602220246082,0.9717385944359864,0
211.7059083721625,532145472.32794,0.5648915244607646,0.77243283836144,0.3762059119089497,0
204.7215641115175,615001123.7398728,0.6693731574244605,0.38178759287147984,0.42911305608206485,0
222.85294133223204,556507384.8678448,0.6568539777648983,0.35989730274377285,0.997215253504746,0
281.14385966009274,581587971.1001025,0.6643158552718642,0.34274058543865416,0.6984549196046232,0
278.88490577775144,622314795.7132578,0.7973839093676109,0.8878100350871485,0.5225760479937605,0
249.6659924663433,589836070.0745033,0.717853323516025,0.38178401787979094,0.9151276269663176,0
223.32542507078392,521458457.732688,0.7459194155568386,0.8433882171918858,0.3219005133665025,0
235.42544260056442,510480261.80000454,0.6050029499185068,0.3933348777263459,0.3870669113954694,0
281.98540222378125,554256524.8022145,0.7645786589593948,0.23375482142801085,0.9569778907908941,0
269.4231441165331,766477479.263206,0.7870953037210636,0.9646377780917632,0.45721846344729483,0
253.57275561379555,576514582.5371927,0.6333598383417676,0.363529383412337,0.9021042722742891,0
287.9251530627482,653250386.7080879,0.7791500075509014,0.28599722199025435,0.5534221496095477,0
227.04252279294323,509821787.9042399,0.5840051746267005,0.8540853094637213,0.34798141454636494,0
229.91599076160668,711126707.2038984,0.7559205970810595,0.8909997317969567,0.7329039535039233,0
294.5545214262371,614374157.1044604,0.687705611459365,0.2611291326748516,0.5356633549845279,0
209.07164506818927,775463780.8334806,0.785200462111778,0.42512331364972006,0.871933110316585,0
299.66911938042864,515128311.46961534,0.7862836414492211,0.29776802222423693,0.6758653764035535,0
219.27651324144105,516417976.6521995,0.6112712424303806,0.43504824822543564,0.9045706988149784,0
228.35180867595403,727363718.276755,0.780223756002159,0.9718216098036077,0.779516679846918,0
263.8357790989219,566511383.8831644,0.6705617434659108,0.7305276205120899,0.5312965678888641,0
202.67552602067025,614069776.0209401,0.786887492702419,0.7969882361065499,0.9637728290215557,0
269.82579903000726,523768853.8298477,0.7969444426943929,0.20867446565289322,0.6720401475716179,0
259.633816139144,507668769.6755605,0.5875738473336873,0.5027940317070404,0.7410014305899744,0
265.2321755502739,752512407.4821618,0.7884040605901305,0.6644432398991755,0.48316417567061565,0
289.0600814575462,595459612.2219999,0.7262292999862259,0.8556108766020241,0.35363796351338594,0
252.30513205327358,724374763.2130876,0.7608232353520223,0.29027959194110375,0.9787001420477206,0
258.4070773139885,528551376.3882444,0.6871048797621233,0.28124584083798826,0.6779337981320286,0
211.02632884708476,502190461.32297784,0.6945933174487764,0.6338451325826205,0.9520873623890393,0
211.9550019073745,583951660.2093916,0.7931412353666101,0.34311655368635474,0.5348843258686738,0
274.25403780879464,640632287.7199405,0.7893034171148394,0.9586990192032274,0.9162580243420049,0
257.710350158887,630055280.6874774,0.7036953525150753,0.9672695670965419,0.36595506724355303,0
228.33171801275645,531219996.065859,0.5375547137694578,0.7170159858030278,0.5367635875244263,0
206.20053429036156,500836777.89948064,0.5265367380526768,0.7968191396742592,0.6059456165234378,0
279.6336214126881,583123716.1186856,0.6887222473903982,0.7168261986519908,0.6550523029713786,0
202.66219335491164,591112127.5434339,0.759757689286316,0.9653747586722343,0.7487726864751084,0
272.2258815783062,684954203.7762365,0.7163000188158405,0.4444577725264394,0.5932400068814025,0
283.94214816636503,616530079.6403041,0.7644095968859528,0.6993328342507761,0.416607571113132,0
233.59761810848843,604147864.2353777,0.7839337736032386,0.9511290578056844,0.7563309914160206,0
269.3802197469769,505181337.2856913,0.6869201474234682,0.6836981515441436,0.9917269677020539,0
219.13429805225073,526074351.6459633,0.761059507114712,0.6450552216671098,0.7528673699540458,0
218.7400224654092,508929716.37374973,0.7850963314797326,0.2215880376375349,0.5392243536945396,0
238.49867517793703,666710421.0794783,0.715276150529725,0.8051725849854303,0.5362771124918215,0
236.55936371634172,639401158.8420627,0.6553273889007755,0.5158251798566054,0.674490298118497,0
239.3370276581307,507702513.12466353,0.7235321344703829,0.5574035977062313,0.8073086500783206,0
222.08134938737896,521226106.3622538,0.7120541706034709,0.7781586633024442,0.4121800927953924,0
286.15300330102997,525382991.3580164,0.5386957139899966,0.4075470614541112,0.49181494865766373,0
270.59669088836534,581756997.1102651,0.671327460182337,0.7785311192849289,0.30916571322304515,0
289.2283365287892,698293737.9900789,0.7803910860110239,0.25661646487535195,0.4666346001991661,0
217.01834367496144,568447672.1533638,0.5703663379593789,0.372270947845174,0.8101081600042137,0
210.1323508695298,512742707.2528762,0.6378516748709295,0.6006395503345333,0.9664107847811285,0
277.5643438329605,607978691.5784011,0.7603774052251657,0.6326831385936493,0.7874603642604556,0
201.80542667831068,504514093.2925162,0.5373766217408086,0.25537623199278514,0.42397132721648056,0
222.10314016841423,635141032.5472533,0.6514156864422549,0.976628752994843,0.6675157253680855,0
293.28415337106804,523370090.8344498,0.5705843865047557,0.5017420978801705,0.761545235314417,0
281.61661674624935,506144554.29182994,0.580780902426917,0.2011299097097215,0.5437712516501026,0
271.0029113400822,534945744.8113534,0.5976416506986273,0.6136524894907729,0.5407700505994874,0
230.30125705794146,705011819.1217011,0.717330331105744,0.42610130229444015,0.861572551815841,0
220.98451432313988,546255135.9686114,0.7046375580425545,0.884385477764531,0.46887275765826003,0
234.2167175144628,524144167.39052314,0.7104334781605434,0.29375194539835514,0.3540433045959626,0
278.6593016666276,634260293.9133388,0.6421312713704741,0.5038908606074746,0.8751896212432584,0
288.8187868493109,529978862.54624885,0.7400612548052492,0.23313976666964376,0.8787843813594338,0
242.57472364415864,615808331.9262114,0.6995026035962317,0.4051517668788475,0.9146196368346293,0
234.21339812724193,582767057.5056175,0.7838870311732071,0.8751228551053927,0.5126017408261714,0
292.37853399248104,571702845.380919,0.7596053414868369,0.9817744381820972,0.4091594706811814,0
254.10046531331042,571218550.8413398,0.7566101913578375,0.5602727657331825,0.7899766548001843,0
204.46569860375226,610048362.6515799,0.7669148404316415,0.31835271566914863,0.9855023913759757,0
262.6893369629228,514320765.5510814,0.7752775365100016,0.5564636722875025,0.4626652706112971,0
216.07300938867783,600942891.615913,0.6607598679570276,0.3296858164242751,0.9567269973190409,0
253.40109001581465,664763216.1175086,0.7087832091176234,0.6349347616008243,0.44774441530566533,0
276.9684728950024,556673642.4792368,0.596411694807726,0.6014093012925323,0.3277515106820496,0
224.9705473228636,615710661.321335,0.6661934662521329,0.7646167759631675,0.362508577633803,0
215.30192093912723,768474342.078018,0.7720576752666891,0.689288916315423,0.4997934128646009,0
266.8394911649377,511108527.44646174,0.7162102968376085,0.6501676520091677,0.4727728951058213,0
262.17440612349196,540190107.9771687,0.7675421526165684,0.6435940849570075,0.8238697433888389,0
200.69335876474636,576845229.0576017,0.5961073946003465,0.2674442164530997,0.9079511140603511,0
275.9444080384457,513227406.3734557,0.5866225981267443,0.20820153003770417,0.37643636950488346,0
272.6862045371263,546582107.5913572,0.7508562066320987,0.8593721217142762,0.4897478235383654,0
222.03311683364788,729738948.1520663,0.7365132385172746,0.34353115889777186,0.3516029275000771,0
280.76567725743865,549188856.4928204,0.6395194062033744,0.58073139530971,0.35270951393877553,0
232.1850489983671,524547128.41186804,0.5989232354416336,0.8260034639833578,0.7550428751519893,0
278.77193148325586,732478756.8791293,0.7858514893078821,0.36906663045006827,0.4867457197014062,0
251.23295627487522,507793290.4605273,0.5212242440592594,0.35658022017025576,0.8243126828941787,0
277.36484158772737,632644271.5149223,0.756326288966377,0.9283421230732907,0.5459911061269902,0
205.77675034836915,740009274.667106,0.7752189966907916,0.5950727289333291,0.8761703708470248,0
220.662274924259,632782539.6361665,0.6902740280053606,0.47906706287909534,0.6218631047502656,0
203.8219275878739,646278065.6300375,0.7876188442920019,0.6560386354413983,0.8595579737460497,0
291.6783556946423,505734420.58567494,0.7380073981323276,0.6314544594070948,0.40587466392405924,0
284.47716401964755,548060860.6905516,0.6854774495026127,0.8176740564203986,0.5449838762036197,0
229.24060446243823,549166496.13888,0.5931661134756601,0.5440810124650362,0.45701083786542473,0
268.2907362878661,636871951.3615894,0.6768394236113101,0.39913752010873615,0.39268368494602574,0
283.9227380554073,589302663.3264252,0.7693064841710295,0.23392266293303746,0.9871681057888377,0
200.9588060409415,568803657.3708246,0.6081921629621349,0.8355498869553801,0.6199270089077467,0
213.50831565541228,591272451.77171,0.6631065367096759,0.9204246659524371,0.7832755384149517,0
254.00487856301888,579287575.3492908,0.704019214541979,0.6756482956921948,0.6353070415603226,0
220.22712887190409,536019122.73922366,0.5740387689340569,0.975387017297026,0.4872483531467626,0
285.3079579885922,543168973.8374753,0.7091061921936348,0.7631524034633026,0.3619222967710432,0
254.13743599304988,503975996.7374273,0.6520968210151185,0.924371991385535,0.8281983861553903,0
233.9003491082836,540926695.147721,0.6021856110493413,0.9229181328963221,0.33737228265514707,0
223.25410153239176,632626136.1768268,0.7888610917958496,0.4516886104001523,0.4556762731831536,0
243.4888643861632,619604589.9042041,0.6855058113201902,0.2891754871429146,0.5359185866382347,0
218.79494756402474,606476915.3183289,0.6884609698645539,0.8943224156933995,0.6719763733225709,0
215.71758323546416,693846334.6984502,0.7109361474501288,0.8855587116325436,0.4637148398082338,0
280.28072437503437,582237186.4516994,0.6897033412636939,0.5464446587355871,0.9590000570846955,0
273.3194660675064,613842559.0683068,0.7413858544231391,0.34218895305392805,0.3149671385400558,0
257.02342601290053,522721926.6785337,0.7212104755405844,0.9579631992025464,0.9829052967478498,0
252.0968658238245,561661491.7494892,0.5813475832660997,0.8216055200197578,0.9894546071004782,0
248.07090730183575,600647769.4016572,0.6455930644912429,0.7684795948451382,0.43594576539060376,0
215.48766564384314,549552340.2321801,0.6647346415440915,0.31690521209588574,0.6067259888062304,0
269.966873026931,519971220.9035102,0.6527659043495351,0.2665022794952976,0.7477180885483398,0
202.34208387261302,691076683.6009604,0.717833947473355,0.5645471613377531,0.5041350339067021,0
211.2358834617125,598785295.9253049,0.6572244536716734,0.3978724139189871,0.7611578833212435,0
204.9071954255472,521598020.8615713,0.6327527205305084,0.6370030120318583,0.6379244141380227,0
223.5166488993437,760743766.2053835,0.774261759173827,0.9126628821654497,0.8186561921827071,0
258.4303241413201,683858678.9437822,0.7623572358681954,0.7280485159099901,0.6304506441960724,0
244.20878393817372,773186067.758328,0.7971688797680001,0.4871809912125624,0.4438530578637012,0
210.3309085065219,685780904.2120614,0.7715213454041923,0.9573283236636188,0.655553098265419,0
290.74537250298715,592658036.3074661,0.6763296790874741,0.4349207606128708,0.4749351852569228,0
254.15058641438435,610584969.220115,0.6571923607013381,0.3298178170986047,0.7663361662762251,0
252.36115011853198,666062220.6118966,0.7297846801707435,0.6499071275044679,0.8676017336746975,0
279.7330973099475,665201776.4309747,0.691523532754102,0.8497806606843419,0.7040344041219139,0
258.59250902506716,557387873.6612524,0.6768251975864987,0.3933720708399303,0.8579529995477473,0
245.11152755319074,507684040.72213024,0.7675500010541811,0.9232318306149334,0.9466211993074372,0
228.41693733870022,571446466.5789136,0.6371320500815244,0.7939161508907246,0.9040903933393389,0
246.6574889320657,611075291.1975738,0.7472408024203692,0.2731482853060972,0.9835098121361103,0
202.50109029827382,532926008.70739764,0.601595516219986,0.3196732689331828,0.30991104437673933,0
215.80187287527258,565957724.5968038,0.6296529523269864,0.946804622699412,0.9956949890265892,0
221.86831121862065,505355181.46038735,0.6870378645276911,0.7907614602157234,0.5433299044526533,0
214.7141021192906,719348649.6986111,0.721607586506074,0.6337999962091923,0.8463044210907857,0
252.15242577869233,636233082.9778364,0.6991869945792649,0.6129501015485901,0.47174714294467085,0
257.1119212017692,564589402.1755985,0.6759593026995949,0.639235360385868,0.8845220652101926,0
257.7745019121031,503041219.2209338,0.707456055669561,0.8394190816219762,0.36958186076494154,0
299.9029044044598,523333071.8420141,0.5476986996928366,0.49370745015028783,0.843292651083156,0
297.8976361715952,691674343.6829641,0.7835963621587118,0.29016973795446277,0.9035612408861768,0
290.0004366090881,626962559.6042588,0.734918434758171,0.7345262706587974,0.4182264127998502,0
274.0189528853443,676994768.9941711,0.7450193011338165,0.8709433031044502,0.43231571077006903,0
213.57782410084837,584872075.7973663,0.7209969949896711,0.7606808018356002,0.422486636437146,0
261.71628705814464,518595719.8888308,0.538101285773716,0.368428342364439,0.4052564520528806,0
292.8014527127003,572433451.1308428,0.789790438833795,0.8335633301090457,0.3019229882962926,0
224.88168733383114,670485541.5314841,0.6758024892562797,0.529900909230647,0.9555845557629266,0
218.03517370002416,638131571.769437,0.686723389552723,0.3047492970644535,0.42244044265127995,0
277.80069860682397,552113263.1296594,0.6778489377122168,0.41571282950887345,0.9734701293784034,0
239.3173565541477,589423743.1603918,0.7939831833838304,0.7230027042370584,0.7851012673026627,0
215.19859570158732,532019237.891467,0.5396824718673132,0.89482416846165,0.8157819951267258,0
281.56350283449297,659830245.248393,0.7615807904886158,0.7310059709377676,0.9366765379547943,0
229.36304355248163,525094539.60262066,0.7702660490221775,0.3695076748523028,0.7022002988848246,0
279.97925013388385,683225231.4218524,0.7553286900331231,0.8193174794558968,0.5443197869798211,0
281.6194628722451,745486741.1259217,0.7582902331883759,0.929002732051494,0.6590910614171418,0
229.9762708148187,587940420.494242,0.6824428966982179,0.34276299184766323,0.5457783123185256,0
233.9697005425612,576543759.5176009,0.5900620663196949,0.3382229803248265,0.8014007164498038,0
205.5755240444415,543155928.2026776,0.7168735887725868,0.21041896524751538,0.36190386601429464,0
264.3412997879054,558398888.1660326,0.6564910144211495,0.4396473415982377,0.6235683532914079,0
205.51764765529552,532779330.3550088,0.6087019171182424,0.607871027004182,0.4714235626380431,0
254.61660888995038,538059492.604151,0.5457142644742006,0.5274154146665994,0.6741921708086897,0
217.29989445176585,511452925.9597199,0.7648383226727756,0.41437189862340235,0.5433025069919248,0
261.1502040007322,771297200.9801652,0.7787190738335059,0.45955423246835303,0.7492540638341008,0
295.067044240231,603437749.4346554,0.678750102767616,0.6809203819357907,0.9779046682312547,0
267.64693338515195,582141932.2233156,0.6036825653973175,0.5493314377849956,0.8278277498883413,0
288.39280554523395,597819839.1467012,0.7899662590297369,0.2463242045478231,0.8126613442927866,0
285.3879128762807,645819824.6400803,0.692941131340362,0.30667257738394815,0.6251294984562987,0
283.25984171717533,738252219.7485048,0.790608405482081,0.6130327812806887,0.9442887131041953,0
220.0886120097273,576471575.9422607,0.7360600166734378,0.39137625830351325,0.9554540042683684,0
295.1235381882577,600549774.5356475,0.7868808095213804,0.5365032309265325,0.5474530263955502,0
263.5514983653313,706579069.7643789,0.7226905416982584,0.7940071886491373,0.7765085112606973,0
263.07133075353534,557609602.8114743,0.6879828540448127,0.9135337681932727,0.6896470450899423,0
281.33159660231615,525641541.97711545,0.6935129905336108,0.4842136960693448,0.7591008016461429,0
266.10957364354675,712389274.316415,0.7161803301455607,0.5296728252159706,0.48654424309996835,0
284.34580048468194,666788773.559372,0.7874132040672543,0.9603294539843896,0.7261516533410475,0
206.6551282270442,623435638.6401932,0.7751782002506273,0.3238095759910225,0.47768807356516063,0
215.61580843912378,595175283.4331869,0.6646773532162946,0.7632877305605765,0.6230672991775674,0
272.069114089193,505582824.2984655,0.6546237190984407,0.6070309588570126,0.8876295986980869,0
286.1185743121695,572851051.4410917,0.5779706750148366,0.35092085738308687,0.31264798196241533,0
261.47978816760366,668330912.7851838,0.6847884623455441,0.9232740412147074,0.8381430639120522,0
270.63894608565283,548177560.1570919,0.7650796664840696,0.2694347454325039,0.9628357100906586,0
214.17062984422637,550076774.4105928,0.5818049751641672,0.2909186616317186,0.3201706023478591,0
220.02611077742324,532465133.7635479,0.6076109081224413,0.32800192831939046,0.3085679710847782,0
290.7756467564966,715461312.1117606,0.7707921092894006,0.2731862753647451,0.42040585855735907,0
222.66443117959662,695358391.1821599,0.7621758935258471,0.3007168454215652,0.6425599343195922,0
232.84375780481489,522725955.72915596,0.6082951933824574,0.5787930935807118,0.5612978542207103,0
234.74731591669567,520739822.8483058,0.6131702451869483,0.22074030904309616,0.9562359311436399,0
232.62279870432909,725172045.3670478,0.776421032495672,0.8476865146089307,0.4659440499316161,0
259.4518356614917,525430707.458308,0.7334026164755658,0.662992583059175,0.8840574867570028,0
226.65893618955099,767236611.3649315,0.7747089106484347,0.9677031919917602,0.6531041721969437,0
286.01364880580513,541382078.0010129,0.6637901830638813,0.9043491970916475,0.8570345945629405,0
281.92810588683625,641433257.6445055,0.7479829866629817,0.9530405534556605,0.7677651578537253,0
279.8947119057959,501779031.3033028,0.6431866180468507,0.3726448489728533,0.7859728959956878,0
243.7901004498359,530442837.576334,0.7371299254139099,0.637231805921339,0.5195208700818554,0
253.95763950744356,639295557.7600244,0.6729037558423786,0.26923865772755184,0.36401340041922553,0
232.69380556771875,661306545.0817293,0.765957525980235,0.2989630448881734,0.8178175883992851,0
206.33507433851045,654837190.9360604,0.7723229396398945,0.35149228603051275,0.5152461895685158,0
226.1669849132289,719868018.1685115,0.750548751513245,0.3838345512810265,0.43553406889338286,0
218.6205252526267,589112296.3204279,0.7247166629073012,0.8388127936682361,0.9483976957330358,0
269.18311865247455,521794002.17780834,0.6356223222069943,0.7252493276211476,0.30001922538356174,0
288.2728683575872,739503988.4655228,0.7660540350818976,0.7773445332245117,0.6505010155287487,0
295.06654529042675,552341692.692774,0.6487022906104858,0.9603039943907061,0.8517040408322449,0
246.70553461500734,513452085.08521986,0.5242960405051245,0.9517562482663062,0.823165219766145,0
219.5431690615583,612144208.7269715,0.7258853911943559,0.8851968955776401,0.47015350194374284,0
234.97257594361562,556492650.0010576,0.6410971624674434,0.5339994511098151,0.9631249694619057,0
241.5076344901062,520436001.9534342,0.5552114738238225,0.9958052505428527,0.58578748904678,0
237.74349956428017,538040643.5149608,0.647203740621699,0.8562314253791932,0.6161252608737742,0
212.6322649088881,657757473.0763663,0.7599884622542612,0.6357017376721179,0.4742388400743417,0
275.5472435852299,578336150.5458667,0.665694775686182,0.23070338481760802,0.483808121904343,0
228.22243375275136,578819992.1239676,0.6756032115218933,0.622196503353559,0.4336749452753764,0
227.45783490399677,722924726.2006457,0.7396059910296431,0.3860237625513686,0.7236997042238948,0
222.72435307070614,532890206.1290789,0.700354452252095,0.9114410278705414,0.8445085038519857,0
272.9991735386772,697978186.612383,0.7793870755977181,0.48417171130563824,0.9682139721545568,0
269.3972040081796,514647008.9012942,0.671700328924155,0.7142604678969653,0.5882742488107112,0
215.51177645187354,540564745.6619102,0.5880924005257208,0.5385759991290902,0.5870830608423803,0
260.96623308122815,694010934.0891125,0.7070698107782667,0.4981117804393435,0.7291503914650668,0
291.03245665643175,561864466.7332797,0.5952238935752879,0.6023773559163457,0.8709236768307043,0
273.2970118093858,765072081.7155743,0.7663828482414254,0.26336584555918324,0.9690751502051995,0
269.3447840218507,734586969.6103104,0.7444585718310968,0.36361245884639015,0.3372318036212646,0
262.8601851718008,622951044.1008962,0.6706690959591926,0.3100630987768551,0.5707128560679293,0
294.6823567011822,718284022.4617456,0.7693131601439814,0.37612033510407966,0.5404269060460879,0
218.35704626339657,502362960.73819375,0.7906764616453428,0.6134613710891266,0.8614661281934477,0
291.25389066045534,676000307.4358588,0.7549018590058505,0.9096576277211035,0.5082691828792847,0
207.47716878077964,502496681.44758403,0.7641562275484892,0.5792335670788091,0.7844794835579281,0
278.18031479914123,606414563.6897341,0.7810185456194154,0.8849636583748814,0.9294429205102217,0
279.95301384036986,655812458.8941685,0.7036462136492222,0.65555190690859,0.7340378197538756,0
224.69849601108112,701758498.6421638,0.7374034076560214,0.25012766838931894,0.7502841111071441,0
273.744618205427,612938826.3960148,0.6743066446359993,0.25119196087370704,0.4939976956965927,0
255.37742679064894,529579587.64281356,0.5801652411646003,0.8231929778553349,0.9918573362812808,0
276.76865137888745,507500818.2833539,0.6885916012242178,0.25611525348693465,0.9155429224575391,0
263.71015108089546,503495779.73733014,0.7343065485261049,0.9278416112925365,0.9101543756990835,0
267.11160076505485,540649177.7986706,0.7753901287275629,0.2542460164916627,0.40463897100321117,0
254.34663007892857,591207848.5596408,0.6116687992061782,0.6547291448870116,0.34185489738554764,0
267.07011011401494,562798368.6500359,0.7791988394868818,0.6448509810991077,0.43176699819740777,0
212.2462800486545,604307799.5262302,0.7335458459816776,0.7985710318758497,0.7393015834238262,0
222.15732529209328,536686395.17627,0.6482080784950748,0.28552412016866324,0.9213393054058983,0
251.45988701709803,737482004.7680817,0.7561712750738948,0.34662170688805577,0.7025536728918909,0
226.00047851921698,671882975.6911254,0.7200875726526081,0.8562508584040878,0.7293118871655713,0
224.2091592046531,685717537.2328831,0.7656890620055372,0.6450757190915541,0.9037985778903015,0
232.05229152700406,564421526.23744,0.6685112654811509,0.39253593457661595,0.4777378601151749,0
266.28144949437507,627978468.6909802,0.7631264835869388,0.8713699760260745,0.6750936093363262,0
276.05676455142816,645307239.3045077,0.6733542978884883,0.9693505458766059,0.8956905054810895,0
261.6547247727155,666958052.4983985,0.7369663092459424,0.2774396894938902,0.5773471456877076,0
243.89481755524503,549837602.8064624,0.736567459010649,0.6960892767992817,0.4121318593837483,0
278.1497906121693,512057713.2795704,0.7317986023725829,0.905150851545123,0.5244518027190519,0
297.2391562464968,555025472.3164359,0.5631648437769381,0.626610664768221,0.41429244169052803,0
238.10971242630217,603649648.2327169,0.673449699118106,0.29687706131280234,0.6070167810488069,0
242.97163797949136,563311286.0585709,0.6757569024314058,0.481877664129652,0.633645449881364,0
254.35644513128398,581632052.8637135,0.7232295681511884,0.49292152168350767,0.7091404736025431,0
292.72838317012133,545370088.0762281,0.784008718417684,0.6201434791216115,0.8465226017496841,0
225.36349908172346,669994912.3511935,0.6935976332500817,0.7527804573813344,0.9238875529774071,0
264.1552529380059,610926079.9196516,0.6193173335118961,0.8580056574644028,0.35857498153735623,0
283.5961331084018,652913678.5062888,0.7552626752724391,0.8635064851862189,0.7530729510419012,0
272.607392829055,533657636.2671208,0.5594062763038705,0.2558274380135294,0.7223763320226466,0
293.68161981059427,625478394.7277036,0.6438126508442457,0.8717871995977207,0.7176428183718683,0
234.71848063811305,590274063.0837988,0.6004146274582756,0.636754337336795,0.942470892723257,0
201.26121602547894,515771406.5163686,0.7619830115755643,0.7878450606001159,0.7888766962951783,0
277.9693264350307,699545230.773605,0.7722158389010829,0.6339627976215275,0.8308764341470098,0
279.35016973285497,518129704.05193895,0.7344174807244754,0.8356420177581807,0.7468804219745238,0
288.29677412266284,550516878.4672571,0.5686011352029519,0.5915491394282031,0.9377265686415999,0
212.015812152504,671627443.236456,0.7608639981232503,0.2235471103496443,0.5680116737531917,0
219.49462234323198,625979784.1810272,0.7869340501495787,0.33276182532886156,0.6023823991257706,0
281.02250167661646,607687399.1220304,0.7370293444224597,0.9653457612273839,0.9923743154784839,0
295.95521790313785,678818231.0338249,0.71192892079303,0.6913903168490263,0.6516788211100765,0
258.3559953432289,593759047.6538771,0.7712785838735159,0.7203235049840291,0.6401968739069142,0
293.29112180150935,523037278.09240025,0.5820709169773569,0.7256977794855655,0.8902150162514169,0
205.23788367504204,549719356.6515588,0.7038788084047347,0.9479868280845001,0.5979726275968476,0
212.4502441432649,622761787.0955218,0.6595676657615793,0.8166259715656736,0.42881970778544276,0
256.64933610390267,621592674.4173788,0.7648202297250203,0.8426541285181863,0.42596700022914114,0
259.7844594248448,698036830.6394575,0.7680854710716216,0.6715613987364943,0.5224285948556253,0
263.46130131281325,596323287.2047992,0.7617699583312623,0.43505393572352563,0.9491788409401303,0
254.61322373259654,609123009.206044,0.7047426364165232,0.24261188166089004,0.8860607623581149,0
240.5471185626179,592515374.979164,0.788682782598956,0.5963404289329934,0.8983691343918208,0
242.34839491590233,583272439.5962683,0.7503634706750131,0.751554874188747,0.769995430010809,0
289.51362230675755,595176246.7420285,0.6124978642424435,0.24823026132420678,0.8026348912949393,0
262.53323422922233,696972973.0589851,0.7437425813672627,0.8527899996854407,0.7580203788451796,0
248.1787132326893,526453933.7710135,0.5523309698710608,0.9362524915018009,0.9638226746471437,0
231.91123955143263,505184546.47638065,0.756074399603805,0.6537519265354785,0.7064351950420857,0
249.15110242190252,538324148.4050076,0.7308931278522045,0.6682053860483503,0.9742766974029544,0
211.17847438056242,582699388.2172576,0.7017029611966054,0.5275517851055749,0.6939815939064484,0
230.01849135435384,615208882.6300313,0.7270066362303258,0.8828541781182166,0.5473687636240828,0
278.5779012360798,529466689.28035945,0.558969498556108,0.6883356749499314,0.8739972668975851,0
280.6616679350823,609770391.591172,0.6398476475597359,0.832240383469836,0.37380787030677065,0
279.20230086310426,674729345.047586,0.798636565876603,0.47884495111342,0.966010425938149,0
267.6456209614816,663250951.7408987,0.6909945524636508,0.6485307426426293,0.43209216603607875,0
242.55749629795602,554328103.9985447,0.5826692858811146,0.6998160486071461,0.3024693837582485,0
271.0223765543543,692842520.4787054,0.7276613658505244,0.9672582122515434,0.5679938426406744,0
257.9766706946333,526026635.73753756,0.7540050023372795,0.6184026347462492,0.3063371858971396,0
271.83562979696103,503551978.78318894,0.7967053024647304,0.41252472248453764,0.48368074533358774,0
208.4100921361841,541554925.7849044,0.551121221492437,0.29555819562843244,0.5275826019903995,0
284.3014243457705,580685455.6782792,0.7505106992846247,0.8311012010357437,0.8065064583047068,0
217.11607405344176,549442313.2510684,0.5977928752311119,0.6750880318980568,0.49830636852807275,0
245.79513655334824,616380209.3281476,0.7826404521569402,0.6772939031904301,0.9934634878776469,0
243.64323086017023,647953497.9438244,0.7199869191627949,0.4903490667378644,0.7693434407895605,0
289.9579495422142,628893480.3643652,0.6726490981865008,0.6712131450382379,0.5842443737504673,0
237.0349087198951,569213582.8626283,0.6803914168741374,0.35906543214685804,0.9244390351491054,0
208.0742623532013,613321411.0206401,0.7284183957281974,0.27239943985596304,0.48997302565039713,0
240.95944449782826,535569620.87267804,0.6856147274482508,0.9731919064463481,0.3916809605084143,0
211.11630429566569,608339440.9956938,0.7295281792519925,0.8219061281189137,0.41704334771282325,0
273.5670706488239,593045911.2179786,0.6299744937342195,0.8069583246265963,0.9031283424294192,0
227.0948331279462,555935628.0615644,0.5803713747432409,0.6689414145746106,0.7866715712606089,0
287.1362975090268,773931258.3536046,0.7881059956750018,0.7291886634187086,0.7150649832488751,0
200.78098496646206,514650963.85368973,0.5353522630210579,0.6467766097687753,0.795054801329337,0
274.01881609961447,561291308.7977735,0.6726337203203012,0.9028042111514647,0.9397341239512464,0
271.62435142578886,598712257.1866558,0.7190761693610908,0.2458862047555549,0.39287188877100615,0
279.6445968491246,623037633.0385891,0.7249642339066573,0.3700258567954305,0.5455118547141229,0
278.664574771568,567133069.7691358,0.605590664956215,0.4707718958425588,0.661303971758388,0
283.5245617370689,576162394.9014448,0.6166678455879915,0.5784062192883762,0.7537164703948456,0
229.04496254925203,743713086.0256244,0.7870968592953236,0.8913837437052965,0.9362597775433532,0
276.8758997687049,597380118.2307949,0.6139563384880615,0.5051356153997502,0.5340018077357032,0
278.7270603139239,556176195.850529,0.721047707778175,0.7998631122911202,0.8567798019876447,0
218.91583838214098,610366083.0076027,0.7981833010579994,0.564164891399449,0.882083877517732,0
237.53005272794087,512331475.91647935,0.6184384516443636,0.2565037895628701,0.9258732246932364,0
290.3274738383689,550646786.3523734,0.6089968326711845,0.5023434148437893,0.5825414700749877,0
234.20380955791774,573129240.3158504,0.7317013276136846,0.740315302059604,0.9686507320259492,0
294.2469203329,503376528.0253312,0.5188785587668129,0.30091312061657194,0.4449048753638732,0
204.05310588570987,511044745.7792956,0.5125511202514799,0.5868736348909547,0.46043931364663,0
215.57088604500228,562305047.9669673,0.5692627873585565,0.3770193097199628,0.6981684454218527,0
267.9396251059417,785775055.9789522,0.7959309885581717,0.26954134275430724,0.7777702364233806,0
272.81429840313774,697977408.4022121,0.7555466720439239,0.4764366306119963,0.6341993326210291,0
252.716041237033,527580579.4835761,0.6854107943109713,0.3332001719096128,0.5977302386962662,0
267.0036010606994,623182517.9823546,0.6918126973571594,0.8446363352125414,0.6719074089570298,0
234.55542690738088,556411772.4799159,0.7594556243240943,0.6014260886552864,0.8435688318662959,0
270.7722495739582,652486773.071422,0.6936705989420018,0.2485744306529213,0.358240425143079,0
267.51650326230407,673762593.156362,0.6792990804096608,0.96502593046167,0.9352679870479563,0
241.1036331455118,573771679.8720568,0.7638488641910108,0.7547551233019631,0.6937882398151152,0
204.021340463109,520963424.54001933,0.5824174505801352,0.9030296146427261,0.7532224474967757,0
294.4269810458742,710288561.9467225,0.7873165838954486,0.825649630765134,0.7173246997400515,0
202.74099007538598,722257621.2785778,0.7840367288226533,0.5604627762451148,0.9532757770391629,0
250.8861603334201,526145827.24656415,0.5985031776181,0.29570114992344165,0.4690137405281234,0
218.60483079149978,595162285.9818554,0.7828473608702883,0.6339164467013668,0.8406630560440478,0
264.9424840628328,500267949.1999497,0.7357224467672293,0.4536771834649101,0.4685757352423818,0
294.42356899509343,503204254.72720605,0.5578312919479385,0.8152627887183088,0.32667645802525114,0
277.7116615002216,597015994.2440034,0.6674142288482839,0.5083126387138215,0.5114778812215772,0
284.7826797965779,679740557.0679754,0.6862073559144634,0.377599257366797,0.9498564794068334,0
298.0800209771698,565618912.8615112,0.7069072853243556,0.2161009622864298,0.6395818027842686,0
235.66846881342246,517563018.4620196,0.5545319117465024,0.4621647626219666,0.46721164642200896,0
206.00950781966134,591952028.7659906,0.77040553351696,0.6828127712090964,0.43881398631554824,0
222.90689534647254,704751370.2287288,0.7634271253844935,0.93594145099632,0.6453038712166563,0
244.5950177272294,507515819.817061,0.5830802458411337,0.3631359818854197,0.46838882368275303,0
205.99155523353554,663899913.7115183,0.7531322403695011,0.7182817158565264,0.5270905946731,0
220.55578151841863,587364725.7142078,0.7507315108924189,0.6725543440694679,0.6906809235883918,0
299.7291688082554,541408039.5296266,0.6811193295962792,0.8838762991160505,0.47159826142214456,0
220.47700855427215,561882710.0611639,0.5622475380268961,0.7124532286413139,0.41778410214763095,0
232.6092287560624,525209922.94990796,0.7115822816257483,0.9082794024324696,0.42409559526516505,0
252.36120245286037,565565803.5299013,0.6323621613223762,0.7884848041117116,0.7219430653439105,0
239.60141728053344,630688935.0705681,0.7825551830678079,0.8921982156402113,0.6937762054577598,0
208.92694945842936,616105138.0338044,0.6725601798651213,0.8101151747677113,0.36614047907539016,0
299.30547399636,620694363.7073625,0.7420916953911443,0.3551371355827806,0.31538792863510406,0
227.26017908123387,579312344.345626,0.6706732127112549,0.5635238376013858,0.534293423211921,0
223.04317856588568,621086903.8880295,0.6822091999533333,0.9668656263322291,0.47900165446502774,0
269.3985903668322,759933610.1465386,0.7654011699796943,0.36997782051076156,0.41687982119546574,0
249.4228984851145,697796237.7806363,0.7632592771839708,0.9339653814478368,0.3979566087680282,0
259.2398692632808,509219209.950451,0.5345143801693353,0.4293952001073058,0.4077367687467587,0
209.7994154814446,561697683.1332281,0.6031816649905689,0.3663099910140358,0.8664159534336502,0
282.7903230702043,642567300.2539536,0.7184638435904933,0.7860668585207657,0.4033671108472858,0
281.0767370766788,595077185.9310006,0.661167219182036,0.8643049108015104,0.6754561361801402,0
262.52961657873993,505958386.4188084,0.5352907374632441,0.8475481240944298,0.6548957617717232,0
237.7328844272095,520263084.1573433,0.6113794095324746,0.4504028602473639,0.7076616931419903,0
262.2734103907083,565467148.3381641,0.6034469777585793,0.6260679103390261,0.5026287448527725,0
220.92059271230718,676408934.2324569,0.7914474199658387,0.652505130289313,0.4881356226004884,0
215.39653509737695,510659473.0691123,0.6748760326699037,0.4859968719498855,0.43619418835071583,0
242.11890513596018,531573382.3661233,0.7108635065172924,0.2825276569348044,0.5346054693422473,0
266.76557812105466,655933310.7817643,0.7895399636956324,0.9552352885036586,0.7174208830092534,0
226.38254877709815,699282262.111515,0.7067095415664979,0.6333021713547795,0.6193863630472987,0
249.59873320104015,557898535.3943144,0.6330409022316312,0.6754878278737039,0.6967150649940232,0
216.04031766633477,709906499.2213981,0.7546316132732314,0.8861946159882115,0.6842335011774521,0
228.73014937977902,751653745.9456934,0.7908069320808868,0.5461592380670003,0.9634745873802462,0
274.7453441158963,742983663.2047515,0.7759789533755705,0.6570808610492322,0.3144633266762651,0
225.89694287946412,504209340.52309304,0.7743793229324376,0.3361591467145837,0.48584354735153956,0
213.4161308312971,656627904.3267807,0.7522119752860952,0.7284412161409182,0.9783153387650547,0
248.89087215025395,613509571.0421581,0.6674653993255938,0.7734755420120523,0.9057633352322838,0
296.3969841593138,722362811.3003241,0.7987465794027093,0.7531042861164454,0.8774951350869007,0
287.39444224047884,595291581.3441068,0.780975753041145,0.9513524528086335,0.9278951546746117,0
299.9891487369997,556877439.0968777,0.5985930214186674,0.6795258052379118,0.6674390954146882,0
212.82492273097273,637218320.982997,0.7095685564964442,0.3012005154439075,0.5920878256985744,0
230.30516837251642,564785615.4435855,0.6037017983270614,0.5805865422399692,0.540724136554489,0
251.88873180445273,527358125.70770967,0.6022362995638992,0.6067355334835797,0.6012655523820222,0
273.6065655786725,520843536.7632847,0.7608721734857353,0.35912777723340206,0.561402472355065,0
291.2537141553629,532968690.2307656,0.6992047937500856,0.8094518043652061,0.4807026796284005,0
222.6631066347154,552284451.4334365,0.7110344010625049,0.6860231210141017,0.3110895628830546,0
227.7004301369712,556199837.0886204,0.792022094019185,0.27735649953970354,0.5549853972143892,0
230.2073789167896,666469672.9553428,0.6823365418636334,0.37831368358463985,0.5809985751077726,0
230.50027753387164,517653948.98930246,0.5437791800197097,0.35066860265623384,0.721435325779396,0
209.94914785511315,606686333.8008572,0.7558667392397109,0.9707245622822254,0.6699940422641033,0
254.61555344277085,553596465.4744139,0.6088232047182328,0.851320225654471,0.3199747009170001,0
215.20488525285526,566957851.5334504,0.643259915583507,0.432494705372092,0.491777139017385,0
298.8646787006209,628560415.6964145,0.66958039680871,0.6541072708640194,0.6889321151795825,0
293.5993001996204,569146724.5667163,0.7668024181789942,0.870663809173744,0.5097786912347341,0
278.25153092009003,500085999.6004598,0.7767614148827544,0.210576515589964,0.5277334960767692,0
291.8071310939716,545195226.8686275,0.7516852872238136,0.9022958365218137,0.6575525991813334,0
241.6945415858024,758622873.9540801,0.7627637298486016,0.7955316361975495,0.3268649176774063,0
265.62359506143383,578005468.6510639,0.5836590758717416,0.448028660397882,0.32854839002135977,0
282.51278855311523,509949790.71265495,0.7439283692163159,0.4099815992622836,0.46758016681935904,0
240.75298851006983,557008969.2745878,0.6893319325450848,0.45451714061035214,0.94308721113209,0
240.97556617457434,531986957.9569128,0.5340218098176219,0.7210368806523089,0.47643993465892887,0
284.77258563459065,590297343.1728692,0.7527362814934455,0.405440882457616,0.5294332179164434,0
282.48169508213994,682974138.3036771,0.7779065946503346,0.8554870841150073,0.6524844296033236,0
244.18281736253218,571693145.1300809,0.737678854903671,0.2723829675457123,0.9130109376679962,0
225.7888263243767,522725856.29921085,0.6629515001490778,0.8749024935172989,0.8134675228941786,0
244.41920198272203,562519769.2849823,0.587701853194091,0.6213646397334205,0.9008062740196912,0
262.71964017615136,622270625.113824,0.6333357208714036,0.806820049605907,0.9649893141401125,0
279.804273860626,619914182.2496997,0.7717644289189012,0.833540779665465,0.3023369548122882,0
268.24848982985395,679347611.5587028,0.7762037610280941,0.7271863583715183,0.9688704726226209,0
287.5284298976692,544258317.0014544,0.6022173592233392,0.5110927689920395,0.7280978982462265,0
278.2164896420866,667931344.5824827,0.7731478757773447,0.6766232484573674,0.5673724887532923,0
243.86078299193986,547015647.784879,0.6371440470804624,0.36439810577851955,0.6739593496258147,0
216.12989905801425,502902421.79151267,0.5049416244588993,0.3815105419033062,0.8417432832617782,0
298.3104034883081,553380842.8532588,0.6771968830463646,0.895404558468264,0.9973610894582108,0
251.51201515029973,624393699.8339512,0.6314317382051049,0.8954592572416902,0.4377922247143433,0
290.420682248131,516288214.0932475,0.5657002031825967,0.882124461512686,0.5912275787499173,0
289.4765103052529,550158296.705987,0.7592973338459533,0.9909978458954889,0.5729829323801152,0
268.77045160317124,680849157.3330276,0.7131410102643005,0.5904619090173051,0.36257655417863505,0
270.7636195716228,614868589.899692,0.7872688281056006,0.5628967488105947,0.5680406818702554,0
230.56588218257042,593926554.0568439,0.7022846026679942,0.5684458723848023,0.8892993483850764,0
264.8087858698618,546929469.645975,0.5645580541240912,0.7973362821820549,0.34590984462254426,0
224.49747920875208,524293345.62866867,0.7840845682109524,0.9664603743619629,0.8769496821538623,0
293.1919607063967,574822731.5068203,0.7708257609921157,0.6697705413750101,0.33348203002249366,0
221.17857322100429,501560968.48501045,0.5240738422953675,0.9056789593503856,0.7516941946572722,0
201.78399990801947,537116710.3837631,0.6601565840407866,0.2742398757980682,0.45417535528926795,0
290.921640439043,555296939.6556556,0.6756073782954235,0.4195838529925821,0.6133848268955393,0
297.89498654492814,681166341.3325192,0.7018044290962093,0.4472201466950604,0.4735509684684224,0
236.13732679420104,540046179.5090216,0.5566680255384376,0.5501881517846778,0.9487854127830306,0
258.47053313895185,524011287.59667355,0.5551974638435853,0.387150012786763,0.4657578423425831,0
286.4142493926887,580244551.8179405,0.7536845835231447,0.2752149238737319,0.37870074544529053,0
287.05837932476226,536748673.9017604,0.7413144181405065,0.3178303418292906,0.9851782095761503,0
235.68691631592776,514145415.35919595,0.5317214904008725,0.22026110654711958,0.5256095697276094,0
243.7191310782831,518999802.84369844,0.6566303363533015,0.5226360895695179,0.5808971366298901,0
266.8355323897189,543879387.1346323,0.6819220932752792,0.4817217530390891,0.7069143763632257,0
204.80204803840917,661840445.3927417,0.7115523194766027,0.6433288921702542,0.8438886742851279,0
296.6401549847419,590250603.5623415,0.7031404820447466,0.29207768471059287,0.7444275365382076,0
283.3410749855974,647962225.0639104,0.7532809945002379,0.519238597311148,0.6218966881397743,0
287.8257307238567,645976791.2353442,0.7018993950293444,0.41445778356004087,0.7597072049617479,0
257.64266779264346,591575366.4867941,0.7713483328941573,0.2058964041278471,0.4550561744055598,0
251.42503227794077,562478073.5339495,0.6420258407572601,0.42478099147629983,0.44969705488429756,0
220.85084202909155,513258134.46733975,0.7108813060338883,0.2750530733406974,0.5938158458216858,0
222.28915310716468,518432530.0963386,0.609304867069197,0.8888993066526247,0.7897030060492063,0
270.87721132733816,560081972.7743378,0.7501664973568082,0.34208637880921366,0.4576438179719884,0
212.62494064211026,569220542.5671878,0.7515638174867584,0.4521276357677804,0.8852978334713033,0
287.4044615713582,530308667.35949177,0.6770943524108831,0.9440017883036471,0.8415648528360935,0
272.4111271529906,535979971.77550715,0.7392572766996992,0.6311088582043798,0.6446925636573759,0
276.68694256305196,769659800.1310577,0.7787003039295783,0.20567805840218434,0.6908908978036146,0
203.4139332323205,601693932.282123,0.7098439374010193,0.6864039202200247,0.9942009650412893,0
230.03128764879764,630283756.1644863,0.6381130235647243,0.4270978113171169,0.970518536953487,0
261.7343068728173,748124057.2622739,0.7702994898156214,0.7257653274031421,0.901347827003318,0
204.07382254041318,560618367.7622242,0.6509953516958924,0.6012399364858548,0.4146424381263342,0
234.85716027345615,667411833.9370911,0.7287759230433761,0.9444292657665143,0.4976391033936284,0
251.80183752941176,665736004.244544,0.7464998105100905,0.5915017792304846,0.9187861243027124,0
252.97517713343424,591135318.2953836,0.6226752521882052,0.7018509420249444,0.9936352894556442,0
264.9802901931598,696087278.1892233,0.7955879496813031,0.45188099594117076,0.7880814680437191,0
297.33173860692835,646171803.4581082,0.6485268887658291,0.9661928969911395,0.7027088564811393,0
200.7831390992645,598498976.5897503,0.6549078675171957,0.5186865386019948,0.6539823854033058,0
202.40763892323807,504119856.9917053,0.5513147099311093,0.29402780236739007,0.4325460046208437,0
245.7988199093445,552888944.5063419,0.6140908189211445,0.8588150858611852,0.9780055332190014,0
236.66096504897632,654842820.108516,0.7855318847457968,0.4391300836568647,0.3295500311220077,0
216.89394804534783,658622934.9469235,0.66857124824586,0.5004171489109651,0.35346002702775603,0
289.5544123658003,656903419.0268753,0.741146164556197,0.6303139561747504,0.6374378625759478,0
211.84935537556285,515430962.5144065,0.7110292707252064,0.2721246235331924,0.7223710714724392,0
226.6976992344337,644730284.8719547,0.7153526898198874,0.5344536870243148,0.923998304026715,0
255.75661669609778,659268055.5481552,0.6615647219076708,0.4293813166599605,0.836624515545529,0
297.13161664938195,608820828.43461,0.7684626568995769,0.44646591041916245,0.9878923644827671,0
236.3058658226447,700147447.6857811,0.7094628474896123,0.4409484264905019,0.5606086913280642,0
247.39979151402747,500106541.977575,0.7017666216874808,0.9062203061100902,0.6432753761876235,0
284.5083288129633,507488659.87878126,0.518675200040543,0.33619031360064755,0.5733021460725135,0
292.18989427953505,685127254.5960485,0.7664809031266666,0.5380015209062585,0.8833059907376783,0
253.70471382150808,527192341.5646806,0.6992962710372665,0.5953361225993181,0.7713784025955623,0
291.81304621717686,517696188.76923007,0.6166958273414188,0.8992817948353726,0.6009748826873444,0
299.68652288016676,521942239.7577704,0.6698186218091904,0.8050797621027794,0.8425338434232652,0
263.30768707671155,553370102.7438309,0.5778609156883615,0.3474460187838989,0.3590108563936095,0
243.784409150744,642718769.4852276,0.6680325360601449,0.5568506041280138,0.831401796262746,0
221.79004054506956,605014622.4915185,0.7441098344417185,0.2036656335735752,0.3485604500380301,0
243.4008142368058,634796433.4543885,0.7096521162451455,0.5986537905540812,0.781275958075664,0
215.9696641038989,577179286.711763,0.607124983036723,0.9713568029242945,0.4038368468958274,0
233.1028119973984,669572531.5114886,0.7976998268922331,0.3757941226842649,0.9612716808651764,0
246.054688184986,543097874.3083775,0.6778596993801097,0.39600810826066835,0.6410730533532527,0
263.61416543974525,613687306.9979692,0.776554538152326,0.241638184283633,0.8851131352243939,0
236.91839654779568,591726776.181532,0.7531868968307449,0.9629946692201816,0.9041116548844002,0
235.08600267385165,609472236.7593347,0.7246484521966767,0.6195641821498061,0.9405315714179956,0
235.4596949884501,511501705.72519535,0.6896496347712628,0.7918434839493138,0.7928361487745154,0
207.5850432383613,567544166.6535124,0.6768160218494528,0.46893625877070405,0.8353002728609178,0
283.23387599075545,585330279.9557397,0.7126473789145016,0.6613816439994566,0.9227982372091954,0
285.84500575382054,538350258.9073274,0.6854552456734746,0.588394350512019,0.9159884171225074,0
292.7564141913468,600748397.3775005,0.6745468008277912,0.9743269955015479,0.9799119488464259,0
216.5371953920925,565690507.8394543,0.7203852857978607,0.6080591536689199,0.5311373427700107,0
234.19472302693575,729362434.0397997,0.7569725316109919,0.5892661954807596,0.7903043864033408,0
283.89056130779113,575040292.3680496,0.7497442462370829,0.8749180628397557,0.8438230022892648,0
244.99097060118248,675655149.2017536,0.6806408780570279,0.8265670921371069,0.4928131530562675,0
272.99391281699,601295093.919302,0.7530347075285715,0.6512558530050923,0.8870211048916437,0
219.22979951878872,636362372.2338562,0.6668310989293293,0.2171023540543261,0.660871832490376,0
221.08512112084316,547366401.9542924,0.6197355796491023,0.5261243049545139,0.9459489533343646,0
206.51195046393167,613597142.9955812,0.7953125720214815,0.9626139636758013,0.4536115890221416,0
269.9816444819072,601299385.9835632,0.722982304659092,0.2055391617289587,0.622724676631688,0
284.2113374200759,519451101.20585155,0.6031348344124425,0.813509765297302,0.9478052822174934,0
291.79024841999615,528895776.12980556,0.6634265775858534,0.5871380521619707,0.8213124463533206,0
289.302621652806,663419996.4340317,0.6636226366876958,0.8434615799699319,0.48296687094835383,0
205.3097307635984,670523277.310964,0.7230065508696455,0.7509008030545317,0.8907595005426789,0
247.3525456952219,520365533.9562141,0.7120602326085161,0.7405878564009714,0.7543232949652738,0
284.7756032813693,708268601.3455962,0.7838471249031789,0.23752265996822725,0.6119436311340481,0
212.9262935050283,645112910.5715429,0.6662208653282897,0.6869176363494749,0.6714502766030951,0
266.4536814430424,507647319.38522065,0.7184822554344068,0.25692902948263985,0.45038548446583493,0
295.9849194812654,568831778.9942732,0.6200689495354146,0.6970627074140041,0.6645515688702562,0
230.84098627371492,619757572.2202458,0.66470450930953,0.3978158930960034,0.49814838262788613,0
291.3033698517186,600811111.6806371,0.6920149202864869,0.6691775635959074,0.5109919476283815,0
246.73528522784852,581923818.9853036,0.6043787586502358,0.5467459259754126,0.705497589356034,0
203.25761714910706,615634183.2453343,0.7554860851689269,0.26200006710050006,0.8556440547465509,0
233.05451613501057,748176828.3466707,0.7580007232459011,0.5827337225020074,0.8551551535161728,0
220.29192425759766,550090798.9480895,0.7118165681830749,0.6669027041156605,0.4712289202986961,0
289.3937709062807,599614698.6976438,0.7576176518787576,0.4447494762621962,0.3521097670533796,0
289.8601289657224,521507518.8673557,0.6680791604817785,0.5889707549102716,0.8373170840119633,0
218.23388275033977,571720827.6072166,0.7491548465456781,0.9949047445597172,0.7831616271912853,0
245.77705082308694,561876633.0060744,0.753572942082742,0.9934414750143379,0.7968739213672584,0
201.29230762325977,690020942.804171,0.7820220749552184,0.9654803956939653,0.32915462087485614,0
242.00397706614484,639718874.9921718,0.7158755690119567,0.4991644084364678,0.3805585838646586,0
250.256645710613,647127832.1811604,0.7785618845599382,0.47367610064027615,0.3146554908227898,0
289.48271556693294,592160350.8814801,0.5980107183008646,0.8735402384721342,0.8673896268571251,0
282.67974856937354,621034227.5533745,0.7361814468019674,0.37326751859974705,0.6287009365866831,0
216.26725092928433,501954109.40437174,0.573206011646335,0.27454165720160484,0.973523720603445,0
255.1585816304982,557249577.5919822,0.7840823273486283,0.6515415238663557,0.42755001210587984,0
227.95953222258493,637251910.0739397,0.6411232905784929,0.44427456982156555,0.5084010533347685,0
277.7744802248293,612434649.1567694,0.7540176780937207,0.5702137164745622,0.840033618048251,0
220.08317103640925,632004900.6033244,0.7506712118371044,0.666084874111945,0.7699640904649447,0
240.42566059973757,736271922.1388565,0.7846972743907321,0.47132525343633747,0.8179362426531227,0
235.8522820806391,574710959.527981,0.670107976080847,0.837539438841074,0.32211625438171015,0
221.83938306155676,649176929.1062567,0.7133829861892065,0.3750783392278611,0.9917483911224951,0
252.2991058952831,563650392.340319,0.7191548113915148,0.9085502858947783,0.742508439542885,0
220.64401005820457,519140860.4589258,0.5923322393988751,0.5473641978894823,0.5838208234125126,0
243.2535821471125,594027463.378031,0.6732107365263152,0.6694620690481263,0.31838450582366595,0
232.94965026002203,631939983.7360475,0.7531222892303391,0.44859258036611727,0.5675280098162594,0
227.67723110467307,588665596.0112724,0.7850856661745114,0.4027793018351596,0.37785501550554446,0
245.23234063412724,573634042.3094307,0.6184497475063873,0.32511948962716153,0.759877096598245,0
208.5583998213674,516463395.00526685,0.5856173026126947,0.32081697099053036,0.994891621885847,0
296.31950192512755,637022730.7405608,0.7217394408954738,0.702075567024236,0.9214369837231497,0
297.1864841957012,563010883.2178311,0.763577427185059,0.4208082151319455,0.3401524099968579,0
297.58173986027066,536050334.0146555,0.5824457639550241,0.8270667390763764,0.9870371324879166,0
286.2910528268735,551607662.9929347,0.795790014941992,0.8117992993839513,0.681487147602641,0
270.8297814815744,506665325.53349984,0.6316208885867582,0.8578093300545966,0.36294400252655684,0
250.98447139547676,648342251.8127952,0.6909329766138766,0.7301672896038429,0.599858179431316,0
240.86887846350396,602760034.3147252,0.7247940114392172,0.36978800974815496,0.7882084981234561,0
219.75396860278852,608529923.7290037,0.6119741615323447,0.4998941127759574,0.8202467329495915,0
236.8657432797247,650124829.9012952,0.6663697197571703,0.722470348295186,0.9322971481709039,0
269.65328801085354,519238149.1648262,0.7144845141886002,0.6424640241536776,0.3080163977320594,0
211.60386325521227,564999220.1821365,0.7758110274263086,0.2825347080114138,0.7574288341115514,0
265.0799660230568,674269464.2691087,0.788146985622753,0.7788117728171529,0.4652080480627566,0
202.7874533842426,731003720.0123374,0.7687561617357486,0.9432977424542661,0.348021906077588,0
297.9071606684235,539178054.3928332,0.5985691362869092,0.39793370699909447,0.5800578765789848,0
253.18117814750923,512751307.01044065,0.6060259450619917,0.8991639903191013,0.5231097505939295,0
229.348810854747,553423093.0777798,0.6754652429323684,0.7618929894283004,0.49833048522053774,0
220.0820676237838,563557641.3821976,0.6463126113074134,0.25498721661527607,0.8261387691948903,0
268.61783414794064,549885102.4040996,0.7962309720900493,0.9833249818312246,0.9631625556518804,0
291.7447918647462,538634819.8634715,0.583979484649326,0.7577742564079908,0.5368463367136288,0
291.36428576050724,600845366.8490825,0.7368793137605635,0.843155266641832,0.9952110176110223,0
220.42328751729494,510790264.03439426,0.5788879626326828,0.9318878828593327,0.8931583162736323,0
237.6666749431493,699543035.4418938,0.773920182118418,0.9949519414672863,0.37923881802072146,0
227.32006031537398,517468120.3747188,0.6947189288467154,0.53523889604728,0.9871432222791292,0
249.5364160268992,602497269.5724732,0.7102835529170286,0.8269435802479843,0.44092567135135713,0
259.87753680194953,611080889.2313312,0.6634218359503783,0.4403618958053075,0.5991553201018485,0
244.6827463009528,608971854.7329663,0.7606583786459874,0.49481799172076607,0.7761441295714125,0
265.51734635810726,542443398.1557597,0.6048998543978847,0.9123190716642218,0.4833238456299745,0
286.4460502436678,581813133.6589175,0.6277460914422922,0.5356613444197907,0.31951893014263016,0
212.64486846806997,504118273.7154049,0.5406979907768887,0.8153008924175775,0.3486417848664377,0
217.77652273013808,765379666.9298651,0.7773398395890163,0.2724419304437965,0.3134072428609891,0
238.0688223290259,585408138.237276,0.6334468980400776,0.9665269517318122,0.37487096518313334,0
261.0216963080534,585601348.1067796,0.6858109375279086,0.20840190196029917,0.821223758305623,0
221.26287110981355,538743367.5386994,0.6764990543821048,0.762880231733392,0.4051073596028596,0
233.2398025363712,675489553.6902143,0.679519949802607,0.3643876439217839,0.3674274521005906,0
272.56694096331506,668854407.864351,0.6792017580388503,0.3933447910183853,0.45776192554501083,0
268.4096538883457,672761057.2808404,0.7914999257863544,0.3289146846705496,0.8968345841089771,0
248.9793851878389,524443387.16966033,0.5889811055701164,0.8095649447379154,0.649767328065505,0
287.75726505789675,541297147.5217957,0.6073336230742512,0.9300487741171752,0.9059074994108529,0
218.70724331646892,580203015.816312,0.7591351590372976,0.6072850278120134,0.44127088484157767,0
280.9189511900126,703841633.0816796,0.7959667356839497,0.33088342113232005,0.8170509747130157,0
258.45221060352145,679961495.4002821,0.7304079938764774,0.377655123159159,0.5679996729283742,0
256.45595927995663,507092658.6910914,0.6112990956709488,0.36273035179215185,0.8323252300121422,0
253.63369780502893,617926342.763439,0.7693980825990565,0.7252245538422966,0.5435571837805413,0
227.15604453075608,660429645.685333,0.7198706077715029,0.23340121302654496,0.9868265658023092,0
227.86934222379045,532252545.87197566,0.6297282602222528,0.48388841379669745,0.6814952737216853,0
297.411774058127,713460501.7442374,0.793110142797677,0.400519615239097,0.5853133648740426,0
273.7064057607044,534639414.08178914,0.5515527732798875,0.49582113941916106,0.4617161832993949,0
293.62997391335125,732814965.9308012,0.7739277849641332,0.35656703035788573,0.48896399510477045,0
263.8100599654524,509791313.04792726,0.6545345134971944,0.9228228947832979,0.5490796380370043,0
270.7705463593697,614960044.9946264,0.740742145389815,0.2715914608115755,0.6592762691068466,0
256.5857625445993,504106357.48359114,0.5086869536043661,0.9890596875780002,0.4492004013105878,0
268.29195199115617,657425799.5398543,0.6649497302530798,0.5519976590298334,0.5385414775459003,0
246.58426017650152,585661089.5979493,0.6404688671441234,0.5899668318694193,0.3935435548825091,0
254.33548394782525,716688623.5888401,0.7936123632080008,0.6492216969626083,0.8648833914448038,0
264.85865319229566,500756024.6496737,0.5699305422916449,0.3970109260810224,0.8330537450105897,0
296.75599621538174,666614381.7554693,0.7622267510746331,0.7771682501562467,0.36658229257342234,0
227.37997459689558,557665895.8637533,0.5846661043181294,0.506396739343971,0.6108616611516795,0
281.95163341174316,586028041.7100075,0.6898245101386873,0.5117481033788365,0.4991879193772848,0
202.99168328517865,620428517.7273043,0.6290191055076705,0.7520855181981874,0.7462539933283245,0
262.6275590748975,556419847.9103377,0.5712540483408156,0.7021596764323224,0.38750249512336066,0
245.91476417053963,641551068.2312086,0.7570115936515438,0.9838931285667665,0.6648021773073015,0
298.14431799348176,536815289.570586,0.782768347819534,0.9335877926381457,0.8992915375914012,0
202.3974108920198,742907974.6536783,0.7630430721421353,0.8404513051894165,0.3154832132891388,0
289.82664333608915,563931597.2362978,0.790524098050865,0.835289124263324,0.7154412408019959,0
246.88224924552003,568681870.0643656,0.7609089117828178,0.5158478884168878,0.3678983626975364,0
202.50151602150385,583505788.8843031,0.5898416645245466,0.24063535540610748,0.30439405233282235,0
232.12386338564048,585089628.9718728,0.7284980500051609,0.4984359060149001,0.6359448597818933,0
218.03514825639172,618836107.0240002,0.6194760584369441,0.4087405075217479,0.9120903025225668,0
238.1826266268967,589545403.1084306,0.6448576601004162,0.6451051249502497,0.8278997743869545,0
291.8716107614747,671931436.0732105,0.7817758060080278,0.3286246180908326,0.952844396395663,0
257.0721082763778,627959946.9235022,0.6937926189656554,0.7414233626367082,0.7979568323847213,0
229.6784081009424,647955543.5759842,0.7945346625640062,0.5315282385778284,0.9317824096460747,0
255.66997052307659,544406555.9513427,0.6115760641155557,0.9099853086107896,0.4574412912572779,0
260.5061879036851,675982835.8905932,0.6960014501519395,0.8907698625875755,0.9862881331256237,0
228.83731291371674,515463542.19541204,0.5531334847748053,0.3770018269551207,0.38626712397813157,0
261.53946397675656,763037354.3997526,0.7722912989059766,0.9934630755445211,0.4093058975621675,0
278.47310706249067,631230258.9229503,0.7602850236468002,0.8759621259834403,0.450624480942178,0
279.5565500539716,558342941.6555808,0.6694959097159008,0.49049499036672045,0.6334103536139615,0
226.53785463972937,706764182.2611661,0.7434399288210352,0.34734530258067464,0.3153279088613044,0
298.4419280656831,521434077.60943997,0.5736580860091032,0.9813579877339371,0.638371819595561,0
271.6557575511197,700846546.5873823,0.7168699177529065,0.28005579522510704,0.5013263832025859,0
237.26333907141532,533306177.6624288,0.7836422026830903,0.8540787969759658,0.353585192686315,0
260.32962096297763,674205467.3306092,0.6957424122088104,0.20997151189852428,0.7937595871651615,0
294.1506223428652,520654155.1514428,0.7386873357263487,0.7188413542001464,0.9356588448866192,0
272.42608677230805,742617396.5959214,0.7793788595526392,0.5758560439066366,0.6132844801597523,0
240.5519064231594,760281450.1112881,0.7988256002244889,0.7699389949009117,0.9689542532408062,0
200.08037619907654,635936496.6207882,0.7279960706992243,0.518448208319263,0.933743710723786,0
225.5740028389874,639082530.302333,0.7870218655793573,0.5865183788156418,0.6547937743702303,0
270.1925252185373,655773497.0875568,0.7492831717829433,0.40050813971453203,0.8333710600430946,0
221.53670299042537,615438294.9675463,0.709111114341475,0.20923483840896964,0.7257335838072818,0
242.63393309829848,531886129.4285366,0.7638244020604148,0.9817844557952788,0.44756134588667085,0
236.17966301614743,674532941.6519198,0.7021415193917622,0.2798104999791603,0.6902593190699314,0
207.4982610909958,660623230.4766266,0.7121131895404507,0.9435298477719654,0.42523359404480243,0
275.00630501940475,659955674.6642433,0.6982682318530009,0.7527915513578678,0.3686745908223095,0
221.41006651831333,654027642.0275719,0.7638025637633192,0.897013223650029,0.8282859433736742,0
270.11679445063254,515382936.48170316,0.6542232148376443,0.6609729213848681,0.8904968962452386,0
284.17782834053503,770205493.50998,0.7812593276722728,0.9323174241077219,0.5667330683733935,0
279.24125796917383,721182174.6350288,0.7609118572475463,0.73208345102336,0.4011205196935517,0
226.30594907714408,711054154.9912729,0.7121652989947551,0.7568797046504641,0.6566968665754332,0
256.2957367763272,580393407.0198417,0.6475271730720604,0.704311745693339,0.5979491204110684,0
207.88295645321762,577187662.8897562,0.7749146870182648,0.8428271566279499,0.3275789352621721,0
243.6468085443698,602570219.5035384,0.7306525526524295,0.8765662580393674,0.31340799686937,0
271.97231013567773,616096861.74943,0.627972108230388,0.4510455837485151,0.42868784100221546,0
257.9452222367164,552245626.6836991,0.5765477819125236,0.7045898586571682,0.5578949936968504,0
214.97630189850082,538660169.8518627,0.5538981922342074,0.2749879012631521,0.9568587512927715,0
249.78567610613737,537251092.4558413,0.6842037511093823,0.4461403019652589,0.32191537810065224,0
215.10998365624562,509671229.43019485,0.7998565418627825,0.4321392079563217,0.9237361972520022,0
275.11820772643136,618049594.410991,0.6231876996413823,0.3363351319117867,0.9600557172259747,0
299.48053443152605,524732002.95835733,0.6181043195510814,0.7960577243834561,0.3721506857241079,0
256.8478975265489,554953864.1533866,0.6969138302643754,0.6436199686207853,0.8439458816972878,0
234.67228178304055,752299131.8341902,0.7980121349762026,0.4313505873552094,0.5774997571165512,0
264.7485156827159,507033236.38690954,0.6367424556899862,0.2365424650333693,0.942248751960423,0
258.61951602545963,627773226.017874,0.648351251957991,0.59007362042788,0.7413934340761119,0
226.19790331445148,536880777.4076296,0.6179655377442713,0.895116548833309,0.6292063141341595,0
238.21219090475125,700515186.5520463,0.7472637357212191,0.9613395164674823,0.3166407608362335,0
270.44360471577545,646880611.2507262,0.6541180693497741,0.371186777402853,0.9842699192717452,0
295.0904943537457,668113768.2694552,0.714244779422482,0.74067827703693,0.8285568785889132,0
203.0329700041657,563358086.1176699,0.7304266522085272,0.8631127325039003,0.3973713595023186,0
247.54170181452835,550153096.6029205,0.7059931065940122,0.9954203548850991,0.4946010477670201,0
203.58922796999542,557135791.1005958,0.6807810907314871,0.9982207955365094,0.403416245326161,0
292.0400037178734,528551342.8385569,0.6204473211907506,0.27594698730985184,0.7528450414939438,0
210.35425607812996,562085726.5610795,0.6825402752636569,0.3381727497285396,0.728134056642403,0
254.00472945456852,502560583.17952365,0.6085158870807212,0.7631789898378252,0.8003858392020129,0
296.386804506149,564008976.7330043,0.5859324398514242,0.7192215571383171,0.702957152883963,0
249.63356687827104,603370156.9798615,0.6367839136088198,0.7370027830155212,0.9760581629262015,0
294.39147419901906,582654252.8598301,0.6185750214770278,0.6203848116678572,0.47361850480913714,0
223.19459034355555,511641187.232665,0.5554008015383853,0.5168819357741512,0.8833542028140695,0
251.1908584559125,586759275.2994369,0.7048275013169488,0.2447352803438516,0.5039063122289454,0
249.15244373260396,628631091.9780325,0.7728076616047648,0.8467052961388986,0.7524873164583241,0
206.72657958881783,609813282.8410977,0.7503381332795436,0.7822038301071681,0.42038909160616605,0
222.78203438126013,699874168.1994429,0.7823622589359487,0.43331305227208283,0.5880915375486688,0
264.04173118545714,520595130.2603077,0.5623621084672698,0.6119328604221574,0.8666344639655488,0
226.88520311388334,577288140.9913634,0.6728400101741665,0.876365918888901,0.538505675813544,0
201.28310250892818,509517150.017636,0.6568593827928522,0.6434067224066715,0.8597185546496859,0
268.8017040231426,588902068.6788654,0.7305618857911923,0.9703750482687414,0.919485894027408,0
294.02785969855205,758457945.5431628,0.7662350800984906,0.76780929047862,0.7286119064655785,0
235.38591879575202,699323820.2482929,0.7682683906740861,0.21610401978939198,0.8527731492990436,0
248.09547662995834,558159772.7523117,0.6111429867633758,0.5593363519155732,0.6791626510515183,0
203.50409610544173,563919026.8780615,0.6139393051841747,0.6925115914753099,0.8027667405044698,0
256.63255700175245,552801911.5300536,0.6441278642149848,0.8635199787146881,0.7912056783650179,0
286.14971672768417,769744208.6327667,0.7761883912645695,0.40002649196348544,0.43589228760710114,0
267.198053915925,632159187.9528836,0.6577204415639761,0.8386980167062714,0.730125735894211,0
298.6642740681389,594895113.4802563,0.6281697432465558,0.9707113827687168,0.6107819260147993,0
210.12546788450095,577921153.8108944,0.6100330094824311,0.4785742277513239,0.7650737464945376,0
263.83413107695355,552527065.2034243,0.6788796336023761,0.7002153400311564,0.7480060466827309,0
246.9082947954019,512519964.1248559,0.756967094034504,0.7574060593429321,0.7806970525127759,0
237.000998613914,775070384.2989855,0.787609152912645,0.887346525623151,0.43672887693401885,0
258.0129141925096,523059125.9757046,0.6194296710081912,0.83139729218374,0.870042051326523,0
210.57220799140325,606623533.9668442,0.6198470756807457,0.7335384700153016,0.7355708195544561,0
289.0133922405509,540411667.6154321,0.541619475370863,0.9592348184134334,0.9906910385787142,0
253.5260158322477,742153407.7418885,0.7826490052385776,0.8564982234767298,0.9885696036188123,0
201.0628391404046,648140131.8732501,0.6978787782590301,0.9385482050924678,0.35016646457363587,0
243.21382641406865,726382147.7463439,0.7797359651951852,0.9354103354933272,0.40155406191677284,0
235.12627487955052,529172454.4575015,0.7872317514996929,0.7440206592162055,0.5250343648674658,0
264.529273172505,547479315.3638513,0.6814862009523832,0.6472550039567203,0.6842398558059402,0
292.8871115129059,553990083.2703677,0.5613508925323074,0.5235284845519008,0.7351188986475798,0
229.17834461975272,792959845.1712792,0.7973400775452677,0.7063386440752721,0.5316464674849005,0
248.88388138626212,509742474.06578475,0.6905861489145431,0.5613626262271523,0.974843816746086,0
275.6806480863554,633424635.5332667,0.6486146645787758,0.5975533398728561,0.5919502939953224,0
263.3416460295373,526308929.8154439,0.5656446048024449,0.6539555316382266,0.3782624011352604,0
276.7049450081282,687763683.0620532,0.7087241954643446,0.9230864065327964,0.9322692790285487,0
233.47270026134683,682431466.9806825,0.7431694772965314,0.4435045401983039,0.8118668188010429,0
292.509656944871,513718825.8510567,0.7607052713223597,0.6346212964150322,0.34641969792960103,0
296.4623531237678,660001736.6422867,0.6645091268015164,0.7892814949116786,0.690105284278524,0
215.74064423765068,630877225.850288,0.7600091869340218,0.4787473831908886,0.37957166688800836,0
200.86249346164954,517366507.575066,0.6850806302585444,0.23683401296455014,0.7778780664821066,0
295.8951916676266,616091562.7455705,0.6687551696321954,0.4127370711919418,0.6870493062335674,0
203.72531067269966,527738422.7582936,0.6729814093878538,0.44482421525322036,0.6365158093611643,0
254.21890218317844,583885954.4020908,0.6522333329738584,0.5325145847314545,0.610544226392318,0
216.3999697904331,670875209.329077,0.7847610013942177,0.5597624733714507,0.8165421600768616,0
283.50405427628147,515594818.51799,0.5748716229724067,0.5416144248142178,0.41377654502840183,0
211.64170152451896,662895394.3628726,0.742847220365614,0.7194115261881522,0.5288007876999199,0
294.1792046327133,780170399.3726931,0.7812583557231448,0.2114116260919678,0.7961093062516141,0
276.04073751335807,617361878.0723753,0.6743171132460506,0.7611454074643693,0.5137072927687665,0
279.32831840172673,772741584.6478993,0.7832230639092982,0.9468715365166065,0.7624640443749218,0
282.0516962292457,627203106.1998532,0.6272887392923219,0.8761481942945684,0.3279916396650159,0
205.1839903722407,536215718.0873382,0.7077311253812771,0.5647921642126608,0.6488284014086034,0
225.71792743252834,523933401.0780872,0.6298556858930113,0.8197998165179821,0.8125800462693966,0
292.2736251528694,756149701.6171225,0.7930721034726054,0.480035790639073,0.40327563213098094,0
231.40855821306843,553902337.7745044,0.6329246893462572,0.4004470838111622,0.6312999274594561,0
228.79795822587334,511682386.3683282,0.6231640081124947,0.36100601537777477,0.9111751770435648,0
296.4517303211314,724862923.5975974,0.7730702453735885,0.4108342779440805,0.7514499787748216,0
243.06439122315993,662481778.9306967,0.7819086983687078,0.4825404893779145,0.8894664650260424,0
299.2115321935646,524164343.0611559,0.540663586232969,0.8326051152444092,0.9447664741280783,0
223.6755722649553,587132210.8835241,0.7497880033859223,0.7971864778712201,0.7184827413960688,0
245.1614631768816,562002658.3439066,0.588687482935071,0.30022375817255853,0.8304880393628897,0
250.6403148543608,650577959.0154604,0.6994606253868136,0.5166390018788081,0.4947196812920078,0
277.30297627522964,615441440.8623583,0.7287568884119726,0.2501374401326551,0.7791175644075745,0
295.62712808535963,755520004.0226375,0.7798030012743127,0.965881118866589,0.3854869030489987,0
225.72117758535381,713278786.2293596,0.7992209486903902,0.6867471973804535,0.9568911335116073,0
267.0042242214917,528828702.56146294,0.7864063308930387,0.40238118494539077,0.35288887053155943,0
286.35077356916474,542392442.3770604,0.7856891872496545,0.9661182614689856,0.8193583502899631,0
234.78395417780547,618215703.9627397,0.7679748279176424,0.42836110850577613,0.40778871236350495,0
274.52641493863194,597448440.1926018,0.7869259421016721,0.6164989452715184,0.7218646845876162,0
236.6120768230327,706366294.6177678,0.7454806886469895,0.2955263164300521,0.7049538117945362,0
264.49173769657625,738635743.780926,0.7802733217394405,0.7954544063745894,0.5615200702361238,0
285.8392256357074,560602354.581305,0.6085015905591079,0.6071326008295386,0.8633836821319969,0
212.92205060538427,511211611.4490812,0.682045643403977,0.37738085012998346,0.5864603878242254,0
205.52518632864957,623063859.1625079,0.780747853867807,0.6745005918999514,0.9259815657507886,0
270.9996465414361,574490465.6810596,0.5842574210787856,0.6346789935805185,0.8753810224533467,0
245.40277403322955,502010476.2427852,0.5370437151517016,0.21179587657715848,0.783017400890413,0
237.19215938755286,542117543.9548544,0.6192395539207447,0.9001592825826961,0.7492028567153235,0
236.5167142043817,506586805.3687287,0.562251209022385,0.8526257997921043,0.846575078217225,0
297.21036046907454,729648745.1867124,0.7357918762522535,0.48338069735014555,0.41852885908504184,0
280.2948454013493,522560934.9971481,0.5377382383215216,0.6996149081076912,0.9412338087510781,0
231.52669656334513,529692723.0535983,0.6891401534199133,0.7882847155080246,0.4056546646169685,0
255.94816331547548,547262085.7778308,0.6710016334979081,0.7315867715112685,0.45708827696969445,0
236.55179668262042,682568635.8207994,0.6993801632723775,0.8371446737889163,0.8113114616727097,0
206.15436000136128,561906594.917225,0.7484711457093505,0.8539758051303512,0.6271276730971487,0
254.56458799041528,511495452.4421994,0.5141448680295431,0.2651604120490679,0.9306016847665664,0
241.4718132824477,575187014.9251195,0.590943905190596,0.9482425406270936,0.9578999973895357,0
218.05215476793552,644922364.2707694,0.7368262004879722,0.6149910142676269,0.9203327674818778,0
284.7644117635095,547604448.8470405,0.7321582504636667,0.8505457121196118,0.7156787417539525,0
206.41324714888026,549171134.0228657,0.6744054702837132,0.8086892924341358,0.44707425288415875,0
245.7965242965088,603876011.0038139,0.7700555890162707,0.3486571434985021,0.32942239723910904,0
250.34635193780443,580438341.1685634,0.7004842679155401,0.6629328998822275,0.3340648963574572,0
233.2615372788778,543703938.3037808,0.7856954604660031,0.6373935369729471,0.8763529849385152,0
249.0855070236266,631275677.7943358,0.679082878704095,0.8479431762295919,0.7912352956315376,0
277.77248426895727,637535522.9495474,0.7244405712099462,0.5526453400224339,0.8752978478384237,0
296.8785668422106,504859516.48433405,0.5966581046787517,0.8385945537610244,0.7546517045329866,0
289.8908169556591,539938905.5421131,0.692069882223168,0.4390888779274863,0.7697578968974317,0
253.67028743538782,560820258.3307284,0.6749108759024022,0.5152061424847361,0.6620763199461654,0
281.2259087882366,600478134.4987482,0.6197240078970806,0.9988130276637113,0.43103956451797343,0
244.18661296041626,500143086.74646753,0.6422574723200054,0.5033393276720659,0.43755286203263327,0
222.7192566682107,510314289.87990355,0.7203464330644884,0.20358399794019855,0.5488571306442734,0
210.0035745391173,560355199.269498,0.5846256764001069,0.40310191070691764,0.9302903412718206,0
236.26115741626603,501487467.4507629,0.6383520242522481,0.4078524976346296,0.5535100855090014,0
232.83135219672312,633627120.2676252,0.6410045586938738,0.4964496282706411,0.33819320313196116,0
226.61180880862346,545858697.0231249,0.7942747534794379,0.6960926769869005,0.6478166845379989,0
250.24739204809612,522802546.0544707,0.707016836224183,0.45350007279325943,0.473862210989361,0
276.1517317317808,605115355.0658965,0.7790194070199732,0.6128307899056429,0.527780449757353,0
216.79890965881356,620680392.6163054,0.6661349721264348,0.9589784383123201,0.9691637157211594,0
264.77725942717893,686759565.9421643,0.760105426445755,0.52788606448314,0.3053587797880502,0
288.1751304722025,509441564.69585913,0.7003973068174177,0.6559359695752935,0.33435235770617605,0
259.0764088367893,562530175.5238464,0.5752187545690557,0.8343690381185065,0.4363587293095608,0
222.34090850301558,630616505.9051886,0.7445169673047648,0.4902790101406854,0.4611235410098047,0
272.54940767556457,662434427.8050089,0.6826929994322197,0.7095828378677789,0.5653950824971066,0
242.32947981696105,658268625.3199649,0.7235087665911765,0.5558688582131275,0.8558250528071696,0
232.03354371260951,520877252.78321916,0.6213570043165956,0.844190638465512,0.7652710046981552,0
209.0295549992948,525425529.9307713,0.5466221962208668,0.4172171552392221,0.41874288711892843,0
210.1609366395902,590197979.2673268,0.7408056259363476,0.5248615071942997,0.6242784551687218,0
280.2282133351458,523715403.03564537,0.6540554933193037,0.6419071902160193,0.971282591126007,0
215.18059360154723,571445352.1570323,0.753719521108303,0.6578633910815752,0.7465366880952544,0
233.0772284349328,593733123.7817554,0.7460686879202088,0.5319426644303606,0.4610277911569934,0
283.74217572305275,540966971.5375774,0.6924697876840205,0.6835732794658456,0.43495037460070823,0
258.6852258894067,584626432.1543294,0.7494379713939956,0.6475032362500134,0.9610366038462752,0
260.58003339229134,603141867.8147893,0.7412253657645362,0.26424729465013413,0.6607817840599233,0
286.5754065766333,657207590.8867838,0.7156472223331112,0.7722308315858428,0.6783610074481902,0
286.8931395741125,636052853.8813227,0.6504196557917397,0.7573524049035714,0.36044891845477267,0
260.5036534505065,740267871.8994935,0.7595833169677919,0.3638123787362415,0.8495428842531891,0
291.85342351488043,572888776.3582745,0.7948905230299936,0.576629612801681,0.5668234004259625,0
271.1349422503947,513300150.75671566,0.5852552541958425,0.2892652092184184,0.6169984763008938,0
280.41652220809294,713498060.9213979,0.7929334012095763,0.7144474280762882,0.7322825327696761,0
263.23805758285454,507602426.19902766,0.6184455089725313,0.6092260025342725,0.5892687144442751,0
269.68005330147736,503142665.6240549,0.6845580119965404,0.909376986993365,0.37910483766093983,0
248.84038482791894,745637680.5059384,0.783259130204966,0.21118455714442588,0.39498296136470457,0
